batch,phase,cell_id,graph,seed,arm,quality_ticks,quality_seconds,initial_ticks,native_seconds,native_cpu_seconds,cpu_wall_ratio,preparation_seconds,total_cell_seconds,total_cpu_seconds,population,threads,binary_sha256,resource_flags,gate_epochs,accepted_recoveries,escalation_seconds,record
B,confirmation,confirmation_confirm_000_00,gW1200_gE0340_s0150,41,local,1258927119157,1258927.119157,1133931623480,360.004115238,358.448014,0.9956775459720196,0.8913528397679329,361.20130230486393,359.41114350299995,4,1,038574ec816000f9aea7b4b638ba4464d67816f20bd627400ce0820d8ef1f0a3,[],0,0,0,results/B/confirmation/confirmation_confirm_000_00/result.json
B,confirmation,confirmation_confirm_000_01,gW1200_gE0340_s0150,41,fusion,1259362926001,1259362.926001,1133931623480,360.007781231,357.98832100000004,0.9943905094937262,0.6996145397424698,360.9587382301688,358.75591501900004,4,1,038574ec816000f9aea7b4b638ba4464d67816f20bd627400ce0820d8ef1f0a3,[],0,0,0,results/B/confirmation/confirmation_confirm_000_01/result.json
B,confirmation,confirmation_confirm_000_02,gW1200_gE0340_s0150,41,barr-v03,1258899244100,1258899.2441,1133931623480,360.009232463,358.45061099999987,0.995670606966558,0.6991275697946548,360.9653551504016,359.2210885649999,4,1,038574ec816000f9aea7b4b638ba4464d67816f20bd627400ce0820d8ef1f0a3,[],0,28,0,results/B/confirmation/confirmation_confirm_000_02/result.json
B,confirmation,confirmation_confirm_000_03,gW1200_gE0340_s0150,41,candidate-A,1259920609136,1259920.609136,1133931623480,360.004118744,358.3937530000003,0.9955268129997568,0.681314155459404,360.92771019786596,359.1433910490003,4,1,0e56dc86518fcaf8b86ef483d5fbbffa581317faabf92fcc51c0edb23d19886d,[],1302,2,4.287768264000004,results/B/confirmation/confirmation_confirm_000_03/result.json
B,confirmation,confirmation_confirm_000_04,gW1200_gE0340_s0150,41,CHILS-p16,1264537211943,1264537.211943,1133931623480,360.008751809597,359.445151027,0.9984344803292585,0.7218920812010765,360.8162198290229,360.24541124,16,1,134b238004b3f7ca7fc0ee1b424c9a6826139b86656156e8adc4ecc0acd68736,[],0,0,0,results/B/confirmation/confirmation_confirm_000_04/result.json
B,confirmation,confirmation_confirm_000_05,gW1200_gE0340_s0150,41,selected-B-or-C,1260959705745,1260959.705745,1133931623480,360.004283811,358.77942299999995,0.9965976493445198,0.7031062170863152,360.955109141767,359.5522995619999,4,1,fb56e65a09f59762ee6b5c538ab091f0f435bfc939de195dd0737b389ae86cf1,[],656,19,5.785742123999995,results/B/confirmation/confirmation_confirm_000_05/result.json
B,confirmation,confirmation_confirm_001_00,gW1200_gE0680_s0150,31,fusion,1064849043586,1064849.043586,962458427942,360.003912484,358.358938,0.9954306760927963,1.0524968728423119,361.38731893152,359.48863873600004,4,1,038574ec816000f9aea7b4b638ba4464d67816f20bd627400ce0820d8ef1f0a3,[],0,0,0,results/B/confirmation/confirmation_confirm_001_00/result.json
B,confirmation,confirmation_confirm_001_01,gW1200_gE0680_s0150,31,barr-v03,1062466022297,1062466.022297,962458427942,360.011024568,358.5002309999999,0.9958034797133978,0.8095694333314896,361.1049723252654,359.3770521459999,4,1,038574ec816000f9aea7b4b638ba4464d67816f20bd627400ce0820d8ef1f0a3,[],0,43,0,results/B/confirmation/confirmation_confirm_001_01/result.json
B,confirmation,confirmation_confirm_001_02,gW1200_gE0680_s0150,31,candidate-A,1063385021907,1063385.021907,962458427942,360.004612828,358.37447699999996,0.9954719029425912,0.8363809362053871,361.1163129583001,359.2797810349999,4,1,0e56dc86518fcaf8b86ef483d5fbbffa581317faabf92fcc51c0edb23d19886d,[],1297,1,4.454641120000006,results/B/confirmation/confirmation_confirm_001_02/result.json
B,confirmation,confirmation_confirm_001_03,gW1200_gE0680_s0150,31,CHILS-p16,1064271172498,1064271.172498,962458427942,360.00875091552734,359.23190097599996,0.997842135954885,0.8284844234585762,360.91207505762577,360.13078947099996,16,1,134b238004b3f7ca7fc0ee1b424c9a6826139b86656156e8adc4ecc0acd68736,[],0,0,0,results/B/confirmation/confirmation_confirm_001_03/result.json
B,confirmation,confirmation_confirm_001_04,gW1200_gE0680_s0150,31,selected-B-or-C,1066388272076,1066388.272076,962458427942,360.004196481,358.57858899999997,0.9960400253804395,0.8205333426594734,361.086903847754,359.450777035,4,1,fb56e65a09f59762ee6b5c538ab091f0f435bfc939de195dd0737b389ae86cf1,[],655,26,5.016586926999995,results/B/confirmation/confirmation_confirm_001_04/result.json
B,confirmation,confirmation_confirm_001_05,gW1200_gE0680_s0150,31,local,1063462036980,1063462.03698,962458427942,360.004380273,358.59886700000015,0.9960958439674151,0.7933663353323936,361.06718476861715,359.46029599200017,4,1,038574ec816000f9aea7b4b638ba4464d67816f20bd627400ce0820d8ef1f0a3,[],0,0,0,results/B/confirmation/confirmation_confirm_001_05/result.json
B,confirmation,confirmation_confirm_002_00,g1200,31,barr-v03,881578949130,881578.94913,821391430367,360.005681172,358.418338,0.9955907829931118,1.1873803064227104,361.5901699215174,359.685943891,4,1,038574ec816000f9aea7b4b638ba4464d67816f20bd627400ce0820d8ef1f0a3,[],0,29,0,results/B/confirmation/confirmation_confirm_002_00/result.json
B,confirmation,confirmation_confirm_002_01,g1200,31,candidate-A,880284048644,880284.048644,821391430367,360.004533765,358.6830949999999,0.9963293829908745,0.8582727238535881,361.1799732595682,359.62434840799995,4,1,0e56dc86518fcaf8b86ef483d5fbbffa581317faabf92fcc51c0edb23d19886d,[],1293,6,4.937092268000002,results/B/confirmation/confirmation_confirm_002_01/result.json
B,confirmation,confirmation_confirm_002_02,g1200,31,CHILS-p16,880520289465,880520.289465,821391430367,360.0114913806319,359.213375185,0.9977830813328453,0.9516663327813148,361.04001842439175,360.241556094,16,1,134b238004b3f7ca7fc0ee1b424c9a6826139b86656156e8adc4ecc0acd68736,[],0,0,0,results/B/confirmation/confirmation_confirm_002_02/result.json
B,confirmation,confirmation_confirm_002_03,g1200,31,selected-B-or-C,883018670699,883018.670699,821391430367,360.004927156,359.0008090000001,0.9972108210742217,0.8426357805728912,361.1658270508051,359.90942537100005,4,1,fb56e65a09f59762ee6b5c538ab091f0f435bfc939de195dd0737b389ae86cf1,[],654,24,6.884635831000006,results/B/confirmation/confirmation_confirm_002_03/result.json
B,confirmation,confirmation_confirm_002_04,g1200,31,local,880254954006,880254.954006,821391430367,360.004536542,358.239736,0.9950978380468434,0.850103572010994,361.14567605406046,359.160857491,4,1,038574ec816000f9aea7b4b638ba4464d67816f20bd627400ce0820d8ef1f0a3,[],0,0,0,results/B/confirmation/confirmation_confirm_002_04/result.json
B,confirmation,confirmation_confirm_002_05,g1200,31,fusion,881168689362,881168.689362,821391430367,360.002723172,358.1466540000001,0.9948442912996713,0.8645552024245262,361.15961956232786,359.08703288700013,4,1,038574ec816000f9aea7b4b638ba4464d67816f20bd627400ce0820d8ef1f0a3,[],0,0,0,results/B/confirmation/confirmation_confirm_002_05/result.json
B,confirmation,confirmation_confirm_003_00,g1800,37,candidate-A,680293589128,680293.589128,502195802253,360.005821079,358.25769499999996,0.9951441727420945,1.5614980980753899,362.0173065364361,359.910126984,4,1,0e56dc86518fcaf8b86ef483d5fbbffa581317faabf92fcc51c0edb23d19886d,[],1290,0,5.614841419999999,results/B/confirmation/confirmation_confirm_003_00/result.json
B,confirmation,confirmation_confirm_003_01,g1800,37,CHILS-p16,682934764178,682934.764178,502195802253,360.00663731247187,358.864846579,0.9968284175480886,1.3183284252882004,361.4169927984476,360.274799429,16,1,134b238004b3f7ca7fc0ee1b424c9a6826139b86656156e8adc4ecc0acd68736,[],0,0,0,results/B/confirmation/confirmation_confirm_003_01/result.json
B,confirmation,confirmation_confirm_003_02,g1800,37,selected-B-or-C,682055078920,682055.07892,502195802253,360.005933259,358.32869700000003,0.9953410871764902,1.218894176185131,361.61778392642736,359.63076074500003,4,1,fb56e65a09f59762ee6b5c538ab091f0f435bfc939de195dd0737b389ae86cf1,[],653,17,3.830199635000002,results/B/confirmation/confirmation_confirm_003_02/result.json
B,confirmation,confirmation_confirm_003_03,g1800,37,local,680380462675,680380.462675,502195802253,360.005459318,358.2997200000001,0.9952619070798778,1.1672822162508965,361.522568307817,359.55148180900005,4,1,038574ec816000f9aea7b4b638ba4464d67816f20bd627400ce0820d8ef1f0a3,[],0,0,0,results/B/confirmation/confirmation_confirm_003_03/result.json
B,confirmation,confirmation_confirm_003_04,g1800,37,fusion,682059725873,682059.725873,502195802253,360.011377222,358.35975800000006,0.995412313814234,1.2437625527381897,361.6135973781347,359.69014964000013,4,1,038574ec816000f9aea7b4b638ba4464d67816f20bd627400ce0820d8ef1f0a3,[],0,0,0,results/B/confirmation/confirmation_confirm_003_04/result.json
B,confirmation,confirmation_confirm_003_05,g1800,37,barr-v03,679625411513,679625.411513,502195802253,360.015929246,357.9943669999998,0.9943847977776037,1.1335254609584808,361.5403807833791,359.22593030199977,4,1,038574ec816000f9aea7b4b638ba4464d67816f20bd627400ce0820d8ef1f0a3,[],0,20,0,results/B/confirmation/confirmation_confirm_003_05/result.json
B,confirmation,confirmation_confirm_004_00,gW0680_gE1200_s0150,31,CHILS-p16,1066258742852,1066258.742852,957120493850,360.00986213982105,359.417274506,0.9983539683321484,1.0922611728310585,361.17572298645973,360.582952325,16,1,134b238004b3f7ca7fc0ee1b424c9a6826139b86656156e8adc4ecc0acd68736,[],0,0,0,results/B/confirmation/confirmation_confirm_004_00/result.json
B,confirmation,confirmation_confirm_004_01,gW0680_gE1200_s0150,31,selected-B-or-C,1069857930844,1069857.930844,957120493850,360.004487429,358.325398,0.9953359208353447,0.8017162010073662,361.08276592195034,359.19907387600006,4,1,fb56e65a09f59762ee6b5c538ab091f0f435bfc939de195dd0737b389ae86cf1,[],654,30,7.800902757999997,results/B/confirmation/confirmation_confirm_004_01/result.json
B,confirmation,confirmation_confirm_004_02,gW0680_gE1200_s0150,31,local,1066639557500,1066639.5575,957120493850,360.004076324,358.7898350000001,0.996627145624576,0.7958458140492439,361.08237912505865,359.65792170300006,4,1,038574ec816000f9aea7b4b638ba4464d67816f20bd627400ce0820d8ef1f0a3,[],0,0,0,results/B/confirmation/confirmation_confirm_004_02/result.json
B,confirmation,confirmation_confirm_004_03,gW0680_gE1200_s0150,31,fusion,1066403499679,1066403.499679,957120493850,360.003045229,357.9139009999999,0.9941968706746045,0.7505694329738617,361.0186070725322,358.73470633799985,4,1,038574ec816000f9aea7b4b638ba4464d67816f20bd627400ce0820d8ef1f0a3,[],0,0,0,results/B/confirmation/confirmation_confirm_004_03/result.json
B,confirmation,confirmation_confirm_004_04,gW0680_gE1200_s0150,31,barr-v03,1065369744944,1065369.744944,957120493850,360.004072041,358.02638,0.9945064731357407,0.809017151594162,361.08122055232525,358.90309614499995,4,1,038574ec816000f9aea7b4b638ba4464d67816f20bd627400ce0820d8ef1f0a3,[],0,33,0,results/B/confirmation/confirmation_confirm_004_04/result.json
B,confirmation,confirmation_confirm_004_05,gW0680_gE1200_s0150,31,candidate-A,1066550580762,1066550.580762,957120493850,360.004531633,358.25574699999993,0.9951423260560985,0.7786463052034378,361.05223601311445,359.10544551399994,4,1,0e56dc86518fcaf8b86ef483d5fbbffa581317faabf92fcc51c0edb23d19886d,[],1300,0,4.408660151000004,results/B/confirmation/confirmation_confirm_004_05/result.json
B,confirmation,confirmation_confirm_005_00,gW0340_gE1200_s0150,37,selected-B-or-C,1261376854797,1261376.854797,1129408656790,360.005056997,359.267551,0.9979514010076639,0.9297672659158707,361.2472903057933,360.273407193,4,1,fb56e65a09f59762ee6b5c538ab091f0f435bfc939de195dd0737b389ae86cf1,[],656,39,6.884504552,results/B/confirmation/confirmation_confirm_005_00/result.json
B,confirmation,confirmation_confirm_005_01,gW0340_gE1200_s0150,37,local,1258198016211,1258198.016211,1129408656790,360.003900477,358.9935599999999,0.9971935290821532,0.6963167935609818,360.9602146819234,359.7613328719999,4,1,038574ec816000f9aea7b4b638ba4464d67816f20bd627400ce0820d8ef1f0a3,[],0,0,0,results/B/confirmation/confirmation_confirm_005_01/result.json
B,confirmation,confirmation_confirm_005_02,gW0340_gE1200_s0150,37,fusion,1257334234451,1257334.234451,1129408656790,360.003562937,358.58543399999996,0.9960607919393057,0.6944188103079796,360.95987328886986,359.34999828199994,4,1,038574ec816000f9aea7b4b638ba4464d67816f20bd627400ce0820d8ef1f0a3,[],0,0,0,results/B/confirmation/confirmation_confirm_005_02/result.json
B,confirmation,confirmation_confirm_005_03,gW0340_gE1200_s0150,37,barr-v03,1257282200304,1257282.200304,1129408656790,360.004936146,358.65857000000005,0.9962601453179689,0.6515090614557266,360.9045667052269,359.38306609400007,4,1,038574ec816000f9aea7b4b638ba4464d67816f20bd627400ce0820d8ef1f0a3,[],0,32,0,results/B/confirmation/confirmation_confirm_005_03/result.json
B,confirmation,confirmation_confirm_005_04,gW0340_gE1200_s0150,37,candidate-A,1258512440160,1258512.44016,1129408656790,360.004522954,358.5657369999999,0.996003422562044,0.7143270894885063,360.98228470236063,359.3511375799999,4,1,0e56dc86518fcaf8b86ef483d5fbbffa581317faabf92fcc51c0edb23d19886d,[],1302,4,4.307002542000002,results/B/confirmation/confirmation_confirm_005_04/result.json
B,confirmation,confirmation_confirm_005_05,gW0340_gE1200_s0150,37,CHILS-p16,1262182287228,1262182.287228,1129408656790,360.00852056592703,359.419953323,0.9983651296863703,0.718245342373848,360.80089592933655,360.21195733099995,16,1,134b238004b3f7ca7fc0ee1b424c9a6826139b86656156e8adc4ecc0acd68736,[],0,0,0,results/B/confirmation/confirmation_confirm_005_05/result.json
B,confirmation,confirmation_confirm_006_00,g0680,41,selected-B-or-C,1246399424290,1246399.42429,1096628306104,360.003997859,358.075732,0.9946437654290851,0.8910796716809273,361.19165774434805,359.041565385,4,1,fb56e65a09f59762ee6b5c538ab091f0f435bfc939de195dd0737b389ae86cf1,[],656,18,5.314331058000003,results/B/confirmation/confirmation_confirm_006_00/result.json
B,confirmation,confirmation_confirm_006_01,g0680,41,CHILS-p16,1248670643483,1248670.643483,1096628306104,360.0100183263421,359.270412046,0.9979455952815411,0.6893399283289909,360.7731560841203,360.0331637990001,16,1,134b238004b3f7ca7fc0ee1b424c9a6826139b86656156e8adc4ecc0acd68736,[],0,0,0,results/B/confirmation/confirmation_confirm_006_01/result.json
B,confirmation,confirmation_confirm_006_02,g0680,41,candidate-A,1245061160230,1245061.16023,1096628306104,360.00402596,357.71327399999996,0.9936368712713937,0.6513941884040833,360.90932789444923,358.43270056899996,4,1,0e56dc86518fcaf8b86ef483d5fbbffa581317faabf92fcc51c0edb23d19886d,[],1302,2,4.067548817999999,results/B/confirmation/confirmation_confirm_006_02/result.json
B,confirmation,confirmation_confirm_006_03,g0680,41,barr-v03,1240637267404,1240637.267404,1096628306104,360.004638788,358.27028400000006,0.9951824098882757,0.6353883892297745,360.87983649224043,358.97320372400003,4,1,038574ec816000f9aea7b4b638ba4464d67816f20bd627400ce0820d8ef1f0a3,[],0,38,0,results/B/confirmation/confirmation_confirm_006_03/result.json
B,confirmation,confirmation_confirm_006_04,g0680,41,fusion,1244830621621,1244830.621621,1096628306104,360.00599112,357.82692199999997,0.9939471309540688,0.6396872624754906,360.91647182404995,358.543914397,4,1,038574ec816000f9aea7b4b638ba4464d67816f20bd627400ce0820d8ef1f0a3,[],0,0,0,results/B/confirmation/confirmation_confirm_006_04/result.json
B,confirmation,confirmation_confirm_006_05,g0680,41,local,1244869951390,1244869.95139,1096628306104,360.003842223,358.156393,0.9948682513731183,0.6925026848912239,360.9322779625654,358.911214171,4,1,038574ec816000f9aea7b4b638ba4464d67816f20bd627400ce0820d8ef1f0a3,[],0,0,0,results/B/confirmation/confirmation_confirm_006_05/result.json
B,confirmation,confirmation_confirm_007_00,gW0680_gE1200_s0150,41,local,1062992293995,1062992.293995,957120493850,360.004482532,358.580151,0.9960435727855877,1.0461370274424553,361.3733201622963,359.69679216099996,4,1,038574ec816000f9aea7b4b638ba4464d67816f20bd627400ce0820d8ef1f0a3,[],0,0,0,results/B/confirmation/confirmation_confirm_007_00/result.json
B,confirmation,confirmation_confirm_007_01,gW0680_gE1200_s0150,41,selected-B-or-C,1064091291415,1064091.291415,957120493850,360.004535872,358.4874440000001,0.9957859090071595,0.7763757333159447,361.06686375290155,359.3371188060001,4,1,fb56e65a09f59762ee6b5c538ab091f0f435bfc939de195dd0737b389ae86cf1,[],656,19,4.972719649999993,results/B/confirmation/confirmation_confirm_007_01/result.json
B,confirmation,confirmation_confirm_007_02,gW0680_gE1200_s0150,41,CHILS-p16,1065170740861,1065170.740861,957120493850,360.00916807353497,359.272026648,0.9979524370740903,0.8458635583519936,360.92700043320656,360.189564206,16,1,134b238004b3f7ca7fc0ee1b424c9a6826139b86656156e8adc4ecc0acd68736,[],0,0,0,results/B/confirmation/confirmation_confirm_007_02/result.json
B,confirmation,confirmation_confirm_007_03,gW0680_gE1200_s0150,41,candidate-A,1062392339944,1062392.339944,957120493850,360.004619036,358.7462969999999,0.9965047058580261,0.7626849487423897,361.02454110980034,359.57948399399993,4,1,0e56dc86518fcaf8b86ef483d5fbbffa581317faabf92fcc51c0edb23d19886d,[],1300,4,4.439272866999991,results/B/confirmation/confirmation_confirm_007_03/result.json
B,confirmation,confirmation_confirm_007_04,gW0680_gE1200_s0150,41,barr-v03,1062358830847,1062358.830847,957120493850,360.006167096,358.272418,0.9951841127889965,0.8248249888420105,361.09268879145384,359.15009342100007,4,1,038574ec816000f9aea7b4b638ba4464d67816f20bd627400ce0820d8ef1f0a3,[],0,30,0,results/B/confirmation/confirmation_confirm_007_04/result.json
B,confirmation,confirmation_confirm_007_05,gW0680_gE1200_s0150,41,fusion,1063037818007,1063037.818007,957120493850,360.004036448,358.76867000000016,0.9965684650089242,0.7945725545287132,361.06559509783983,359.6351297370001,4,1,038574ec816000f9aea7b4b638ba4464d67816f20bd627400ce0820d8ef1f0a3,[],0,0,0,results/B/confirmation/confirmation_confirm_007_05/result.json
B,confirmation,confirmation_confirm_008_00,g0340,31,fusion,1620331216271,1620331.216271,1426481445287,360.005080022,358.87341200000003,0.9968565220748251,0.6532884016633034,360.90489196032286,359.59374467600003,4,1,038574ec816000f9aea7b4b638ba4464d67816f20bd627400ce0820d8ef1f0a3,[],0,0,0,results/B/confirmation/confirmation_confirm_008_00/result.json
B,confirmation,confirmation_confirm_008_01,g0340,31,local,1619743442414,1619743.442414,1426481445287,360.003677168,359.016048,0.9972566136663679,0.4868454337120056,360.7024103626609,359.57229843600004,4,1,038574ec816000f9aea7b4b638ba4464d67816f20bd627400ce0820d8ef1f0a3,[],0,0,0,results/B/confirmation/confirmation_confirm_008_01/result.json
B,confirmation,confirmation_confirm_008_02,g0340,31,selected-B-or-C,1621358050431,1621358.050431,1426481445287,360.003881443,358.88563499999987,0.9968937933710107,0.4969756454229355,360.7023458182812,359.44845426399985,4,1,fb56e65a09f59762ee6b5c538ab091f0f435bfc939de195dd0737b389ae86cf1,[],657,16,5.778362326999999,results/B/confirmation/confirmation_confirm_008_02/result.json
B,confirmation,confirmation_confirm_008_03,g0340,31,CHILS-p16,1627767656072,1627767.656072,1426481445287,360.0100367963314,359.337051079,0.9981306473471678,0.5171857625246048,360.59634021669626,359.9190492999999,16,1,134b238004b3f7ca7fc0ee1b424c9a6826139b86656156e8adc4ecc0acd68736,[],0,0,0,results/B/confirmation/confirmation_confirm_008_03/result.json
B,confirmation,confirmation_confirm_008_04,g0340,31,candidate-A,1619694040153,1619694.040153,1426481445287,360.004071202,358.8348870000002,0.9967523028334206,0.47217226028442383,360.67842553555965,359.3751051290002,4,1,0e56dc86518fcaf8b86ef483d5fbbffa581317faabf92fcc51c0edb23d19886d,[],1306,1,3.554005957000001,results/B/confirmation/confirmation_confirm_008_04/result.json
B,confirmation,confirmation_confirm_008_05,g0340,31,barr-v03,1618437428722,1618437.428722,1426481445287,360.006718746,358.43711899999994,0.9956400820755029,0.4915219694375992,360.709767408669,358.993800455,4,1,038574ec816000f9aea7b4b638ba4464d67816f20bd627400ce0820d8ef1f0a3,[],0,37,0,results/B/confirmation/confirmation_confirm_008_05/result.json
B,confirmation,confirmation_confirm_009_00,gW1200_gE0680_s0150,41,barr-v03,1063682099245,1063682.099245,962458427942,360.012076808,358.56424000000004,0.9959783660013936,1.0363967046141624,361.3767996504903,359.67262651100003,4,1,038574ec816000f9aea7b4b638ba4464d67816f20bd627400ce0820d8ef1f0a3,[],0,36,0,results/B/confirmation/confirmation_confirm_009_00/result.json
B,confirmation,confirmation_confirm_009_01,gW1200_gE0680_s0150,41,fusion,1062662420396,1062662.420396,962458427942,360.002701725,357.85383799999994,0.9940309788934819,0.7406447008252144,361.02743332087994,358.66894614099994,4,1,038574ec816000f9aea7b4b638ba4464d67816f20bd627400ce0820d8ef1f0a3,[],0,0,0,results/B/confirmation/confirmation_confirm_009_01/result.json
B,confirmation,confirmation_confirm_009_02,gW1200_gE0680_s0150,41,local,1061174511547,1061174.511547,962458427942,360.004173185,358.6886860000002,0.9963459112894122,0.809222586452961,361.08716337382793,359.5637741140002,4,1,038574ec816000f9aea7b4b638ba4464d67816f20bd627400ce0820d8ef1f0a3,[],0,0,0,results/B/confirmation/confirmation_confirm_009_02/result.json
B,confirmation,confirmation_confirm_009_03,gW1200_gE0680_s0150,41,selected-B-or-C,1061318299497,1061318.299497,962458427942,360.00466149,359.14346599999976,0.9976078212808804,0.7562174946069717,361.0277451723814,359.9673782229998,4,1,fb56e65a09f59762ee6b5c538ab091f0f435bfc939de195dd0737b389ae86cf1,[],656,18,5.784772368999994,results/B/confirmation/confirmation_confirm_009_03/result.json
B,confirmation,confirmation_confirm_009_04,gW1200_gE0680_s0150,41,CHILS-p16,1066229945549,1066229.945549,962458427942,360.01031167060137,359.28261385,0.9979786750628766,0.8237820267677307,360.91041614860296,360.167583689,16,1,134b238004b3f7ca7fc0ee1b424c9a6826139b86656156e8adc4ecc0acd68736,[],0,0,0,results/B/confirmation/confirmation_confirm_009_04/result.json
B,confirmation,confirmation_confirm_009_05,gW1200_gE0680_s0150,41,candidate-A,1061277890738,1061277.890738,962458427942,360.004789278,358.797374,0.9966461132908218,0.7639452889561653,361.0326871275902,359.62871189900005,4,1,0e56dc86518fcaf8b86ef483d5fbbffa581317faabf92fcc51c0edb23d19886d,[],1298,3,4.403184752,results/B/confirmation/confirmation_confirm_009_05/result.json
B,confirmation,confirmation_confirm_010_00,gW1200_gE0680_s0150,37,candidate-A,1061347439908,1061347.439908,962458427942,360.00609232,358.481853,0.9957660735400968,1.0081612914800644,361.3383551687002,359.563195611,4,1,0e56dc86518fcaf8b86ef483d5fbbffa581317faabf92fcc51c0edb23d19886d,[],1299,1,4.530534009000003,results/B/confirmation/confirmation_confirm_010_00/result.json
B,confirmation,confirmation_confirm_010_01,gW1200_gE0680_s0150,37,barr-v03,1061442376951,1061442.376951,962458427942,360.003700361,358.5496979999999,0.9959611460672707,0.7705520465970039,361.0567548274994,359.3858847479999,4,1,038574ec816000f9aea7b4b638ba4464d67816f20bd627400ce0820d8ef1f0a3,[],0,42,0,results/B/confirmation/confirmation_confirm_010_01/result.json
B,confirmation,confirmation_confirm_010_02,gW1200_gE0680_s0150,37,fusion,1063180418355,1063180.418355,962458427942,360.002149659,358.7101920000001,0.9964112501544126,0.8028782978653908,361.07539761066437,359.5828396290001,4,1,038574ec816000f9aea7b4b638ba4464d67816f20bd627400ce0820d8ef1f0a3,[],0,0,0,results/B/confirmation/confirmation_confirm_010_02/result.json
B,confirmation,confirmation_confirm_010_03,gW1200_gE0680_s0150,37,local,1061507399387,1061507.399387,962458427942,360.003980344,358.40946800000006,0.9955708480154127,0.7438099682331085,361.00983683019876,359.22480267900005,4,1,038574ec816000f9aea7b4b638ba4464d67816f20bd627400ce0820d8ef1f0a3,[],0,0,0,results/B/confirmation/confirmation_confirm_010_03/result.json
B,confirmation,confirmation_confirm_010_04,gW1200_gE0680_s0150,37,selected-B-or-C,1065951553849,1065951.553849,962458427942,360.004454367,358.80967699999974,0.9966812150446831,0.7962182685732841,361.06680488586426,359.6681358009997,4,1,fb56e65a09f59762ee6b5c538ab091f0f435bfc939de195dd0737b389ae86cf1,[],655,42,6.945742015999998,results/B/confirmation/confirmation_confirm_010_04/result.json
B,confirmation,confirmation_confirm_010_05,gW1200_gE0680_s0150,37,CHILS-p16,1064450408815,1064450.408815,962458427942,360.01053927093744,359.29337229400005,0.9980079278279194,0.7744656503200531,360.8586756438017,360.141246456,16,1,134b238004b3f7ca7fc0ee1b424c9a6826139b86656156e8adc4ecc0acd68736,[],0,0,0,results/B/confirmation/confirmation_confirm_010_05/result.json
B,confirmation,confirmation_confirm_011_00,g0340,37,CHILS-p16,1629166894981,1629166.894981,1426481445287,360.0108341574669,359.225227202,0.9978178241293614,0.6626311615109444,360.74941396713257,359.963643631,16,1,134b238004b3f7ca7fc0ee1b424c9a6826139b86656156e8adc4ecc0acd68736,[],0,0,0,results/B/confirmation/confirmation_confirm_011_00/result.json
B,confirmation,confirmation_confirm_011_01,g0340,37,candidate-A,1619875840000,1619875.84,1426481445287,360.004242927,358.749739,0.9965153079397056,0.4860326275229454,360.71032167226076,359.302832569,4,1,0e56dc86518fcaf8b86ef483d5fbbffa581317faabf92fcc51c0edb23d19886d,[],1305,2,3.763355409000003,results/B/confirmation/confirmation_confirm_011_01/result.json
B,confirmation,confirmation_confirm_011_02,g0340,37,barr-v03,1619303347705,1619303.347705,1426481445287,360.005706414,358.499964,0.9958174484815848,0.5110446438193321,360.78604657948017,359.07748808799994,4,1,038574ec816000f9aea7b4b638ba4464d67816f20bd627400ce0820d8ef1f0a3,[],0,39,0,results/B/confirmation/confirmation_confirm_011_02/result.json
B,confirmation,confirmation_confirm_011_03,g0340,37,fusion,1620295719384,1620295.719384,1426481445287,360.002571793,358.13740800000005,0.9948190264760874,0.5034202635288239,360.70965734124184,358.707622881,4,1,038574ec816000f9aea7b4b638ba4464d67816f20bd627400ce0820d8ef1f0a3,[],0,0,0,results/B/confirmation/confirmation_confirm_011_03/result.json
B,confirmation,confirmation_confirm_011_04,g0340,37,local,1620361005810,1620361.00581,1426481445287,360.003526381,358.5710929999998,0.9960210573618543,0.4690002053976059,360.6706504896283,359.1060027609998,4,1,038574ec816000f9aea7b4b638ba4464d67816f20bd627400ce0820d8ef1f0a3,[],0,0,0,results/B/confirmation/confirmation_confirm_011_04/result.json
B,confirmation,confirmation_confirm_011_05,g0340,37,selected-B-or-C,1623236885480,1623236.88548,1426481445287,360.003897269,358.27601300000015,0.9952003734345444,0.4997388496994972,360.7170322611928,358.8400701410002,4,1,fb56e65a09f59762ee6b5c538ab091f0f435bfc939de195dd0737b389ae86cf1,[],657,31,5.848131247999998,results/B/confirmation/confirmation_confirm_011_05/result.json
B,confirmation,confirmation_confirm_012_00,gW0340_gE1200_s0150,31,local,1258269411472,1258269.411472,1129408656790,360.003885331,358.7088239999998,0.9964026462386386,0.6629269495606422,360.91230220347643,359.44331384499986,4,1,038574ec816000f9aea7b4b638ba4464d67816f20bd627400ce0820d8ef1f0a3,[],0,0,0,results/B/confirmation/confirmation_confirm_012_00/result.json
B,confirmation,confirmation_confirm_012_01,gW0340_gE1200_s0150,31,fusion,1259846562654,1259846.562654,1129408656790,360.002750375,358.39390500000036,0.9955310192121483,0.6948631107807159,360.9590830206871,359.1692579020003,4,1,038574ec816000f9aea7b4b638ba4464d67816f20bd627400ce0820d8ef1f0a3,[],0,0,0,results/B/confirmation/confirmation_confirm_012_01/result.json
B,confirmation,confirmation_confirm_012_02,gW0340_gE1200_s0150,31,barr-v03,1257098983706,1257098.983706,1129408656790,360.004790436,358.44783199999983,0.9956751730050187,0.6862960085272789,360.943176433444,359.2004845509999,4,1,038574ec816000f9aea7b4b638ba4464d67816f20bd627400ce0820d8ef1f0a3,[],0,32,0,results/B/confirmation/confirmation_confirm_012_02/result.json
B,confirmation,confirmation_confirm_012_03,gW0340_gE1200_s0150,31,candidate-A,1258156454094,1258156.454094,1129408656790,360.004592263,358.71019099999967,0.9964044868015053,0.6333689093589783,360.866587176919,359.4116409339997,4,1,0e56dc86518fcaf8b86ef483d5fbbffa581317faabf92fcc51c0edb23d19886d,[],1302,2,4.184275588999995,results/B/confirmation/confirmation_confirm_012_03/result.json
B,confirmation,confirmation_confirm_012_04,gW0340_gE1200_s0150,31,CHILS-p16,1262942331230,1262942.33123,1129408656790,360.00819546729326,359.570780849,0.9987849870536267,0.7199124991893768,360.79988020658493,360.36205137499996,16,1,134b238004b3f7ca7fc0ee1b424c9a6826139b86656156e8adc4ecc0acd68736,[],0,0,0,results/B/confirmation/confirmation_confirm_012_04/result.json
B,confirmation,confirmation_confirm_012_05,gW0340_gE1200_s0150,31,selected-B-or-C,1260703724919,1260703.724919,1129408656790,360.004342934,359.02162799999996,0.9972702692251126,0.6706539914011955,360.9143468737602,359.7541243820001,4,1,fb56e65a09f59762ee6b5c538ab091f0f435bfc939de195dd0737b389ae86cf1,[],656,20,5.898965611999997,results/B/confirmation/confirmation_confirm_012_05/result.json
B,confirmation,confirmation_confirm_013_00,gW0340_gE1200_s0150,41,fusion,1259164338201,1259164.338201,1129408656790,360.002182808,357.7480079999996,0.9937384412771668,0.7151801660656929,360.96571607887745,358.53011992699953,4,1,038574ec816000f9aea7b4b638ba4464d67816f20bd627400ce0820d8ef1f0a3,[],0,0,0,results/B/confirmation/confirmation_confirm_013_00/result.json
B,confirmation,confirmation_confirm_013_01,gW0340_gE1200_s0150,41,barr-v03,1255109856819,1255109.856819,1129408656790,360.004098806,358.372652,0.9954682549131777,0.7000920996069908,360.9492712467909,359.14425971500003,4,1,038574ec816000f9aea7b4b638ba4464d67816f20bd627400ce0820d8ef1f0a3,[],0,26,0,results/B/confirmation/confirmation_confirm_013_01/result.json
B,confirmation,confirmation_confirm_013_02,gW0340_gE1200_s0150,41,candidate-A,1258091022541,1258091.022541,1129408656790,360.004277964,358.39080900000044,0.9955181950250023,0.7052464336156845,360.96590396016836,359.16771802900047,4,1,0e56dc86518fcaf8b86ef483d5fbbffa581317faabf92fcc51c0edb23d19886d,[],1303,0,4.188130444000005,results/B/confirmation/confirmation_confirm_013_02/result.json
B,confirmation,confirmation_confirm_013_03,gW0340_gE1200_s0150,41,CHILS-p16,1261586358929,1261586.358929,1129408656790,360.01084391772747,359.461746145,0.9984747743519278,0.7271254509687424,360.8089894205332,360.25548273100003,16,1,134b238004b3f7ca7fc0ee1b424c9a6826139b86656156e8adc4ecc0acd68736,[],0,0,0,results/B/confirmation/confirmation_confirm_013_03/result.json
B,confirmation,confirmation_confirm_013_04,gW0340_gE1200_s0150,41,selected-B-or-C,1260634989318,1260634.989318,1129408656790,360.004132343,358.7132779999997,0.9964143346505523,0.6752945557236671,360.9240140989423,359.4583790659997,4,1,fb56e65a09f59762ee6b5c538ab091f0f435bfc939de195dd0737b389ae86cf1,[],656,19,6.036080032000005,results/B/confirmation/confirmation_confirm_013_04/result.json
B,confirmation,confirmation_confirm_013_05,gW0340_gE1200_s0150,41,local,1258161897525,1258161.897525,1129408656790,360.00364374,358.49064,0.9957972543714233,0.662687748670578,360.8965845480561,359.2188196049999,4,1,038574ec816000f9aea7b4b638ba4464d67816f20bd627400ce0820d8ef1f0a3,[],0,0,0,results/B/confirmation/confirmation_confirm_013_05/result.json
B,confirmation,confirmation_confirm_014_00,gW0680_gE1200_s0150,37,barr-v03,1064167921999,1064167.921999,957120493850,360.005677168,358.721272,0.9964322641295442,0.750488169491291,361.01773269474506,359.54368120099997,4,1,038574ec816000f9aea7b4b638ba4464d67816f20bd627400ce0820d8ef1f0a3,[],0,47,0,results/B/confirmation/confirmation_confirm_014_00/result.json
B,confirmation,confirmation_confirm_014_01,gW0680_gE1200_s0150,37,candidate-A,1062818089513,1062818.089513,957120493850,360.004404935,358.78620599999977,0.9966161554739303,0.7424087226390839,361.0141114294529,359.6035025619998,4,1,0e56dc86518fcaf8b86ef483d5fbbffa581317faabf92fcc51c0edb23d19886d,[],1299,1,4.295651309000005,results/B/confirmation/confirmation_confirm_014_01/result.json
B,confirmation,confirmation_confirm_014_02,gW0680_gE1200_s0150,37,CHILS-p16,1066741836637,1066741.836637,957120493850,360.01086094230413,359.252690819,0.9978940354151548,0.8314217701554298,360.91312346607447,360.15069125700006,16,1,134b238004b3f7ca7fc0ee1b424c9a6826139b86656156e8adc4ecc0acd68736,[],0,0,0,results/B/confirmation/confirmation_confirm_014_02/result.json
B,confirmation,confirmation_confirm_014_03,gW0680_gE1200_s0150,37,selected-B-or-C,1065200750344,1065200.750344,957120493850,360.004147037,358.78755,0.9966206027152378,0.7174206525087357,360.9752182289958,359.5779895730001,4,1,fb56e65a09f59762ee6b5c538ab091f0f435bfc939de195dd0737b389ae86cf1,[],655,30,6.3805949820000105,results/B/confirmation/confirmation_confirm_014_03/result.json
B,confirmation,confirmation_confirm_014_04,gW0680_gE1200_s0150,37,local,1063076277416,1063076.277416,957120493850,360.004006175,358.5752910000001,0.9960313908998408,0.7235520854592323,360.984670445323,359.3670589810001,4,1,038574ec816000f9aea7b4b638ba4464d67816f20bd627400ce0820d8ef1f0a3,[],0,0,0,results/B/confirmation/confirmation_confirm_014_04/result.json
B,confirmation,confirmation_confirm_014_05,gW0680_gE1200_s0150,37,fusion,1065928308309,1065928.308309,957120493850,360.002494823,358.09784500000023,0.9947093427118159,0.7192925438284874,360.9795855656266,358.8868761350003,4,1,038574ec816000f9aea7b4b638ba4464d67816f20bd627400ce0820d8ef1f0a3,[],0,0,0,results/B/confirmation/confirmation_confirm_014_05/result.json
B,confirmation,confirmation_confirm_015_00,g0680,37,candidate-A,1242486931237,1242486.931237,1096628306104,360.004080078,357.9224300000001,0.9942177042061608,0.6326334699988365,360.87080135941505,358.61781225600004,4,1,0e56dc86518fcaf8b86ef483d5fbbffa581317faabf92fcc51c0edb23d19886d,[],1304,3,3.971187326000005,results/B/confirmation/confirmation_confirm_015_00/result.json
B,confirmation,confirmation_confirm_015_01,g0680,37,CHILS-p16,1248460876379,1248460.876379,1096628306104,360.0097331777215,359.296998222,0.9980202342046968,0.6483399718999863,360.73116671293974,360.018134134,16,1,134b238004b3f7ca7fc0ee1b424c9a6826139b86656156e8adc4ecc0acd68736,[],0,0,0,results/B/confirmation/confirmation_confirm_015_01/result.json
B,confirmation,confirmation_confirm_015_02,g0680,37,selected-B-or-C,1244833563747,1244833.563747,1096628306104,360.004403373,358.3021560000002,0.9952715929109452,0.6122105047106743,360.8707568794489,358.9960924190001,4,1,fb56e65a09f59762ee6b5c538ab091f0f435bfc939de195dd0737b389ae86cf1,[],657,29,4.471043915999997,results/B/confirmation/confirmation_confirm_015_02/result.json
B,confirmation,confirmation_confirm_015_03,g0680,37,local,1242841566972,1242841.566972,1096628306104,360.00368984,358.07300799999985,0.994637049856744,0.6388510167598724,360.8839273825288,358.77888458899974,4,1,038574ec816000f9aea7b4b638ba4464d67816f20bd627400ce0820d8ef1f0a3,[],0,0,0,results/B/confirmation/confirmation_confirm_015_03/result.json
B,confirmation,confirmation_confirm_015_04,g0680,37,fusion,1241855000377,1241855.000377,1096628306104,360.008543457,357.92862000000014,0.9942225719505785,0.6264490559697151,360.8642451763153,358.6162637100002,4,1,038574ec816000f9aea7b4b638ba4464d67816f20bd627400ce0820d8ef1f0a3,[],0,0,0,results/B/confirmation/confirmation_confirm_015_04/result.json
B,confirmation,confirmation_confirm_015_05,g0680,37,barr-v03,1241478762514,1241478.762514,1096628306104,360.00390219,358.1893159999995,0.994959537441228,0.5951853469014168,360.84534342586994,358.8444327039996,4,1,038574ec816000f9aea7b4b638ba4464d67816f20bd627400ce0820d8ef1f0a3,[],0,38,0,results/B/confirmation/confirmation_confirm_015_05/result.json
B,confirmation,confirmation_confirm_016_00,g1200,41,CHILS-p16,881354602379,881354.602379,821391430367,360.0103919133544,359.22463046600006,0.9978173923169877,0.9404028505086899,361.02936255931854,360.23921153,16,1,134b238004b3f7ca7fc0ee1b424c9a6826139b86656156e8adc4ecc0acd68736,[],0,0,0,results/B/confirmation/confirmation_confirm_016_00/result.json
B,confirmation,confirmation_confirm_016_01,g1200,41,selected-B-or-C,884377152433,884377.152433,821391430367,360.00497934,358.23189600000023,0.9950748366223979,0.8879278898239136,361.1842370182276,359.1979491010002,4,1,fb56e65a09f59762ee6b5c538ab091f0f435bfc939de195dd0737b389ae86cf1,[],654,31,6.567645695000005,results/B/confirmation/confirmation_confirm_016_01/result.json
B,confirmation,confirmation_confirm_016_02,g1200,41,local,880337385685,880337.385685,821391430367,360.004513617,358.5303210000002,0.9959050718498265,0.9250163063406944,361.2480133995414,359.52609650600016,4,1,038574ec816000f9aea7b4b638ba4464d67816f20bd627400ce0820d8ef1f0a3,[],0,0,0,results/B/confirmation/confirmation_confirm_016_02/result.json
B,confirmation,confirmation_confirm_016_03,g1200,41,fusion,882724762633,882724.762633,821391430367,360.006677066,357.92444599999953,0.9942161320924091,0.8352138847112656,361.1195527911186,358.82728154699964,4,1,038574ec816000f9aea7b4b638ba4464d67816f20bd627400ce0820d8ef1f0a3,[],0,0,0,results/B/confirmation/confirmation_confirm_016_03/result.json
B,confirmation,confirmation_confirm_016_04,g1200,41,barr-v03,880890431950,880890.43195,821391430367,360.008629147,358.5600370000002,0.99597622937419,0.8711613118648529,361.1552240997553,359.4987134270003,4,1,038574ec816000f9aea7b4b638ba4464d67816f20bd627400ce0820d8ef1f0a3,[],0,32,0,results/B/confirmation/confirmation_confirm_016_04/result.json
B,confirmation,confirmation_confirm_016_05,g1200,41,candidate-A,880211187433,880211.187433,821391430367,360.004673452,358.08562900000015,0.994669390167637,0.8471416458487511,361.13558845967054,359.00236698000015,4,1,0e56dc86518fcaf8b86ef483d5fbbffa581317faabf92fcc51c0edb23d19886d,[],1298,2,4.611613246000003,results/B/confirmation/confirmation_confirm_016_05/result.json
B,confirmation,confirmation_confirm_017_00,g0680,31,selected-B-or-C,1244766223589,1244766.223589,1096628306104,360.00402875,359.0075260000001,0.9972319677825275,0.607207290828228,360.8454731628299,359.68131931800013,4,1,fb56e65a09f59762ee6b5c538ab091f0f435bfc939de195dd0737b389ae86cf1,[],656,21,4.848174144,results/B/confirmation/confirmation_confirm_017_00/result.json
B,confirmation,confirmation_confirm_017_01,g0680,31,local,1243264166437,1243264.166437,1096628306104,360.004218408,358.9847440000003,0.9971681598273822,0.6287843734025955,360.888294249773,359.6886064270003,4,1,038574ec816000f9aea7b4b638ba4464d67816f20bd627400ce0820d8ef1f0a3,[],0,0,0,results/B/confirmation/confirmation_confirm_017_01/result.json
B,confirmation,confirmation_confirm_017_02,g0680,31,fusion,1244715983657,1244715.983657,1096628306104,360.002761639,358.4367979999997,0.9956501343715507,0.6222957447171211,360.8568651676178,359.1253991349997,4,1,038574ec816000f9aea7b4b638ba4464d67816f20bd627400ce0820d8ef1f0a3,[],0,0,0,results/B/confirmation/confirmation_confirm_017_02/result.json
B,confirmation,confirmation_confirm_017_03,g0680,31,barr-v03,1242414219114,1242414.219114,1096628306104,360.005588386,358.82928200000015,0.9967325329829642,0.5895026922225952,360.8265659213066,359.4841844100002,4,1,038574ec816000f9aea7b4b638ba4464d67816f20bd627400ce0820d8ef1f0a3,[],0,47,0,results/B/confirmation/confirmation_confirm_017_03/result.json
B,confirmation,confirmation_confirm_017_04,g0680,31,candidate-A,1243264166437,1243264.166437,1096628306104,360.004100764,358.858393,0.9968175146850589,0.6277596801519394,360.86915830522776,359.548091711,4,1,0e56dc86518fcaf8b86ef483d5fbbffa581317faabf92fcc51c0edb23d19886d,[],1303,4,3.868303137999997,results/B/confirmation/confirmation_confirm_017_04/result.json
B,confirmation,confirmation_confirm_017_05,g0680,31,CHILS-p16,1249619864105,1249619.864105,1096628306104,360.0094196870923,359.402198278,0.9983133179970123,0.6188196316361427,360.699023373425,360.09140345899993,16,1,134b238004b3f7ca7fc0ee1b424c9a6826139b86656156e8adc4ecc0acd68736,[],0,0,0,results/B/confirmation/confirmation_confirm_017_05/result.json
B,confirmation,confirmation_confirm_018_00,gW1200_gE0340_s0150,31,selected-B-or-C,1263157191309,1263157.191309,1133931623480,360.004542742,358.3761119999999,0.9954766383512913,0.6992421746253967,360.94863322377205,359.14252419699994,4,1,fb56e65a09f59762ee6b5c538ab091f0f435bfc939de195dd0737b389ae86cf1,[],656,34,6.569471115999997,results/B/confirmation/confirmation_confirm_018_00/result.json
B,confirmation,confirmation_confirm_018_01,gW1200_gE0340_s0150,31,CHILS-p16,1263594844718,1263594.844718,1133931623480,360.011219881475,359.124143153,0.9975359747711001,0.7330120727419853,360.81893423199654,359.9315481410001,16,1,134b238004b3f7ca7fc0ee1b424c9a6826139b86656156e8adc4ecc0acd68736,[],0,0,0,results/B/confirmation/confirmation_confirm_018_01/result.json
B,confirmation,confirmation_confirm_018_02,gW1200_gE0340_s0150,31,candidate-A,1259559309642,1259559.309642,1133931623480,360.004646433,358.43388600000026,0.9956368328893441,0.73077192902565,360.9822860509157,359.2321632430004,4,1,0e56dc86518fcaf8b86ef483d5fbbffa581317faabf92fcc51c0edb23d19886d,[],1303,4,4.3388565989999925,results/B/confirmation/confirmation_confirm_018_02/result.json
B,confirmation,confirmation_confirm_018_03,gW1200_gE0340_s0150,31,barr-v03,1257688949071,1257688.949071,1133931623480,360.010511319,358.4647679999998,0.9957063939235082,0.6742390245199203,360.92352291196585,359.2111641119999,4,1,038574ec816000f9aea7b4b638ba4464d67816f20bd627400ce0820d8ef1f0a3,[],0,24,0,results/B/confirmation/confirmation_confirm_018_03/result.json
B,confirmation,confirmation_confirm_018_04,gW1200_gE0340_s0150,31,fusion,1261390190879,1261390.190879,1133931623480,360.003990412,357.86250999999993,0.9940515092359135,0.7162597924470901,360.9759651198983,358.641168109,4,1,038574ec816000f9aea7b4b638ba4464d67816f20bd627400ce0820d8ef1f0a3,[],0,0,0,results/B/confirmation/confirmation_confirm_018_04/result.json
B,confirmation,confirmation_confirm_018_05,gW1200_gE0340_s0150,31,local,1258886920042,1258886.920042,1133931623480,360.003896396,358.78807300000017,0.9966227493419614,0.7015528976917267,360.946967869997,359.5520829280001,4,1,038574ec816000f9aea7b4b638ba4464d67816f20bd627400ce0820d8ef1f0a3,[],0,0,0,results/B/confirmation/confirmation_confirm_018_05/result.json
B,confirmation,confirmation_confirm_019_00,gW1200_gE0340_s0150,37,local,1260875298181,1260875.298181,1133931623480,360.004044044,358.79099899999983,0.9966304682848176,0.7018307000398636,360.9564212411642,359.5593331669998,4,1,038574ec816000f9aea7b4b638ba4464d67816f20bd627400ce0820d8ef1f0a3,[],0,0,0,results/B/confirmation/confirmation_confirm_019_00/result.json
B,confirmation,confirmation_confirm_019_01,gW1200_gE0340_s0150,37,selected-B-or-C,1261612574330,1261612.57433,1133931623480,360.00439142,358.8685059999998,0.9968448012105635,0.6941820830106735,360.94823602586985,359.6339644379998,4,1,fb56e65a09f59762ee6b5c538ab091f0f435bfc939de195dd0737b389ae86cf1,[],656,27,7.611389442000001,results/B/confirmation/confirmation_confirm_019_01/result.json
B,confirmation,confirmation_confirm_019_02,gW1200_gE0340_s0150,37,CHILS-p16,1263382529400,1263382.5294,1133931623480,360.0080997645855,359.275508354,0.997965069644087,0.7216527909040451,360.80274261534214,360.06590665199997,16,1,134b238004b3f7ca7fc0ee1b424c9a6826139b86656156e8adc4ecc0acd68736,[],0,0,0,results/B/confirmation/confirmation_confirm_019_02/result.json
B,confirmation,confirmation_confirm_019_03,gW1200_gE0340_s0150,37,candidate-A,1260875298181,1260875.298181,1133931623480,360.004213385,359.0578330000003,0.9973711963643391,0.7122366353869438,360.9582651332021,359.8333961760004,4,1,0e56dc86518fcaf8b86ef483d5fbbffa581317faabf92fcc51c0edb23d19886d,[],1301,1,4.194353995000003,results/B/confirmation/confirmation_confirm_019_03/result.json
B,confirmation,confirmation_confirm_019_04,gW1200_gE0340_s0150,37,barr-v03,1258660949458,1258660.949458,1133931623480,360.003756321,358.1989530000001,0.9949867097514652,0.6783567816019058,360.91437843441963,358.9408381960002,4,1,038574ec816000f9aea7b4b638ba4464d67816f20bd627400ce0820d8ef1f0a3,[],0,31,0,results/B/confirmation/confirmation_confirm_019_04/result.json
B,confirmation,confirmation_confirm_019_05,gW1200_gE0340_s0150,37,fusion,1261121800850,1261121.80085,1133931623480,360.003887899,358.2860519999999,0.9952282851470704,0.6556322202086449,360.88296949118376,358.99936813399995,4,1,038574ec816000f9aea7b4b638ba4464d67816f20bd627400ce0820d8ef1f0a3,[],0,0,0,results/B/confirmation/confirmation_confirm_019_05/result.json
B,confirmation,confirmation_confirm_020_00,g1800,31,fusion,681666520816,681666.520816,502195802253,360.004348667,358.3593219999998,0.9954305366779838,1.2230820134282112,361.5866259858012,359.6624621059998,4,1,038574ec816000f9aea7b4b638ba4464d67816f20bd627400ce0820d8ef1f0a3,[],0,0,0,results/B/confirmation/confirmation_confirm_020_00/result.json
B,confirmation,confirmation_confirm_020_01,g1800,31,local,679108231533,679108.231533,502195802253,360.005801892,358.70681300000024,0.9963917556740114,1.1517804712057114,361.5264927074313,359.9458886640002,4,1,038574ec816000f9aea7b4b638ba4464d67816f20bd627400ce0820d8ef1f0a3,[],0,0,0,results/B/confirmation/confirmation_confirm_020_01/result.json
B,confirmation,confirmation_confirm_020_02,g1800,31,selected-B-or-C,684014613065,684014.613065,502195802253,360.006021119,358.41827699999976,0.9955896734336134,1.182614415884018,361.5417482405901,359.6783278399998,4,1,fb56e65a09f59762ee6b5c538ab091f0f435bfc939de195dd0737b389ae86cf1,[],654,22,4.515407127,results/B/confirmation/confirmation_confirm_020_02/result.json
B,confirmation,confirmation_confirm_020_03,g1800,31,CHILS-p16,682166687373,682166.687373,502195802253,360.0084411725402,359.1688228379999,0.9976677815336618,1.2146759405732155,361.30996084958315,360.4577763760001,16,1,134b238004b3f7ca7fc0ee1b424c9a6826139b86656156e8adc4ecc0acd68736,[],0,0,0,results/B/confirmation/confirmation_confirm_020_03/result.json
B,confirmation,confirmation_confirm_020_04,g1800,31,candidate-A,679064081815,679064.081815,502195802253,360.005607057,358.6750790000001,0.9963041462940624,1.1226418763399124,361.4620523676276,359.87830370300014,4,1,0e56dc86518fcaf8b86ef483d5fbbffa581317faabf92fcc51c0edb23d19886d,[],1292,0,5.349793642999998,results/B/confirmation/confirmation_confirm_020_04/result.json
B,confirmation,confirmation_confirm_020_05,g1800,31,barr-v03,681519847279,681519.847279,502195802253,360.005336323,358.8397460000001,0.9967622970956349,1.0827884003520012,361.43960716575384,360.0083957300001,4,1,038574ec816000f9aea7b4b638ba4464d67816f20bd627400ce0820d8ef1f0a3,[],0,16,0,results/B/confirmation/confirmation_confirm_020_05/result.json
B,confirmation,confirmation_confirm_021_00,g0340,41,barr-v03,1618144937721,1618144.937721,1426481445287,360.00479626,358.51624600000014,0.9958651932544677,0.47560280561447144,360.6920789629221,359.0607244840001,4,1,038574ec816000f9aea7b4b638ba4464d67816f20bd627400ce0820d8ef1f0a3,[],0,43,0,results/B/confirmation/confirmation_confirm_021_00/result.json
B,confirmation,confirmation_confirm_021_01,g0340,41,fusion,1622776772130,1622776.77213,1426481445287,360.005620529,358.76083500000004,0.9965423164028082,0.4831209033727646,360.6903759762645,359.30997208,4,1,038574ec816000f9aea7b4b638ba4464d67816f20bd627400ce0820d8ef1f0a3,[],0,0,0,results/B/confirmation/confirmation_confirm_021_01/result.json
B,confirmation,confirmation_confirm_021_02,g0340,41,local,1620629430858,1620629.430858,1426481445287,360.00358552,359.05725500000017,0.9973713302920777,0.4568338841199875,360.66460052132607,359.5806355610002,4,1,038574ec816000f9aea7b4b638ba4464d67816f20bd627400ce0820d8ef1f0a3,[],0,0,0,results/B/confirmation/confirmation_confirm_021_02/result.json
B,confirmation,confirmation_confirm_021_03,g0340,41,selected-B-or-C,1625111377169,1625111.377169,1426481445287,360.003558851,359.1278699999998,0.9975675550158586,0.44048574566841125,360.64558807760477,359.6313339259998,4,1,fb56e65a09f59762ee6b5c538ab091f0f435bfc939de195dd0737b389ae86cf1,[],657,38,6.663779827999999,results/B/confirmation/confirmation_confirm_021_03/result.json
B,confirmation,confirmation_confirm_021_04,g0340,41,CHILS-p16,1629188922337,1629188.922337,1426481445287,360.0098409950733,359.47956513500003,0.9985270517644529,0.5004903227090836,360.58796582370996,360.0292565109999,16,1,134b238004b3f7ca7fc0ee1b424c9a6826139b86656156e8adc4ecc0acd68736,[],0,0,0,results/B/confirmation/confirmation_confirm_021_04/result.json
B,confirmation,confirmation_confirm_021_05,g0340,41,candidate-A,1620612188162,1620612.188162,1426481445287,360.003822474,358.8520699999999,0.9968007215421073,0.45805180817842484,360.6586849465966,359.37430433099985,4,1,0e56dc86518fcaf8b86ef483d5fbbffa581317faabf92fcc51c0edb23d19886d,[],1308,4,3.5064522560000047,results/B/confirmation/confirmation_confirm_021_05/result.json
B,confirmation,confirmation_confirm_022_00,g1800,41,candidate-A,679380720770,679380.72077,502195802253,360.005812279,358.8420570000003,0.9967673986382815,1.1750656589865685,361.5371104180813,360.10010111800034,4,1,0e56dc86518fcaf8b86ef483d5fbbffa581317faabf92fcc51c0edb23d19886d,[],1292,1,5.50560193200001,results/B/confirmation/confirmation_confirm_022_00/result.json
B,confirmation,confirmation_confirm_022_01,g1800,41,barr-v03,677866274356,677866.274356,502195802253,360.005592818,358.4982150000001,0.9958129044435096,1.1311834529042244,361.5022593513131,359.72525162900007,4,1,038574ec816000f9aea7b4b638ba4464d67816f20bd627400ce0820d8ef1f0a3,[],0,17,0,results/B/confirmation/confirmation_confirm_022_01/result.json
B,confirmation,confirmation_confirm_022_02,g1800,41,fusion,681534318059,681534.318059,502195802253,360.004811025,358.1802480000001,0.9949318371057181,1.2361484915018082,361.5945485159755,359.49013684800013,4,1,038574ec816000f9aea7b4b638ba4464d67816f20bd627400ce0820d8ef1f0a3,[],0,0,0,results/B/confirmation/confirmation_confirm_022_02/result.json
B,confirmation,confirmation_confirm_022_03,g1800,41,local,679420935941,679420.935941,502195802253,360.005754811,358.58734099999947,0.9960600246189254,1.1753742694854736,361.53807696700096,359.85034530299953,4,1,038574ec816000f9aea7b4b638ba4464d67816f20bd627400ce0820d8ef1f0a3,[],0,0,0,results/B/confirmation/confirmation_confirm_022_03/result.json
B,confirmation,confirmation_confirm_022_04,g1800,41,selected-B-or-C,680953581539,680953.581539,502195802253,360.005933511,359.03208300000006,0.9972949042769869,1.1390576884150505,361.4913593009114,360.2488426190001,4,1,fb56e65a09f59762ee6b5c538ab091f0f435bfc939de195dd0737b389ae86cf1,[],653,25,5.823972522999999,results/B/confirmation/confirmation_confirm_022_04/result.json
B,confirmation,confirmation_confirm_022_05,g1800,41,CHILS-p16,682409418656,682409.418656,502195802253,360.0067524239421,359.295723839,0.9980249576427256,1.1716048270463943,361.2536257877946,360.54220009799997,16,1,134b238004b3f7ca7fc0ee1b424c9a6826139b86656156e8adc4ecc0acd68736,[],0,0,0,results/B/confirmation/confirmation_confirm_022_05/result.json
B,confirmation,confirmation_confirm_023_00,g1200,37,CHILS-p16,880693529152,880693.529152,821391430367,360.0121479332447,359.257309738,0.9979032979870872,1.0271048992872238,361.115894690156,360.354032355,16,1,134b238004b3f7ca7fc0ee1b424c9a6826139b86656156e8adc4ecc0acd68736,[],0,0,0,results/B/confirmation/confirmation_confirm_023_00/result.json
B,confirmation,confirmation_confirm_023_01,g1200,37,candidate-A,879176518881,879176.518881,821391430367,360.005136388,357.699883,0.9935966097286026,0.8825159594416618,361.17913723737,358.65873719399997,4,1,0e56dc86518fcaf8b86ef483d5fbbffa581317faabf92fcc51c0edb23d19886d,[],1295,2,4.682173572000002,results/B/confirmation/confirmation_confirm_023_01/result.json
B,confirmation,confirmation_confirm_023_02,g1200,37,barr-v03,880182644849,880182.644849,821391430367,360.010238565,357.8514190000001,0.994003449530755,0.8791850432753563,361.19875774532557,358.807215626,4,1,038574ec816000f9aea7b4b638ba4464d67816f20bd627400ce0820d8ef1f0a3,[],0,41,0,results/B/confirmation/confirmation_confirm_023_02/result.json
B,confirmation,confirmation_confirm_023_03,g1200,37,fusion,880343552922,880343.552922,821391430367,360.002568114,358.0344019999998,0.994532910905855,0.8232165053486824,361.10353218764067,358.92585367599986,4,1,038574ec816000f9aea7b4b638ba4464d67816f20bd627400ce0820d8ef1f0a3,[],0,0,0,results/B/confirmation/confirmation_confirm_023_03/result.json
B,confirmation,confirmation_confirm_023_04,g1200,37,local,879178896933,879178.896933,821391430367,360.004575492,358.5480739999998,0.9959542139429487,0.8767867460846901,361.17796781659126,359.4837587589998,4,1,038574ec816000f9aea7b4b638ba4464d67816f20bd627400ce0820d8ef1f0a3,[],0,0,0,results/B/confirmation/confirmation_confirm_023_04/result.json
B,confirmation,confirmation_confirm_023_05,g1200,37,selected-B-or-C,881019217713,881019.217713,821391430367,360.004551539,358.5088120000005,0.995845220476782,0.8661327362060547,361.15471218526363,359.4435615610005,4,1,fb56e65a09f59762ee6b5c538ab091f0f435bfc939de195dd0737b389ae86cf1,[],655,21,5.48388616899999,results/B/confirmation/confirmation_confirm_023_05/result.json
B,pilot,pilot_pilot_000_00,g0340,211,local,1620749778020,1620749.77802,1426481445287,360.003098735,358.559535,0.9959901352514118,0.6295038610696793,360.87974171340466,359.25850834,4,1,fb56e65a09f59762ee6b5c538ab091f0f435bfc939de195dd0737b389ae86cf1,[],0,0,0,results/B/pilot/pilot_pilot_000_00/result.json
B,pilot,pilot_pilot_000_01,g0340,211,pair-direct,1620634885834,1620634.885834,1426481445287,360.003398271,360.01702400000005,1.0000378488899424,0.48502425849437714,360.68586936593056,360.56167534200006,4,1,fb56e65a09f59762ee6b5c538ab091f0f435bfc939de195dd0737b389ae86cf1,[],657,30,3.8419574799999996,results/B/pilot/pilot_pilot_000_01/result.json
B,pilot,pilot_pilot_000_02,g0340,211,pair-refine,1620240905657,1620240.905657,1426481445287,360.003960302,359.9523899999999,0.999856750736973,0.39113155752420425,360.58958757668734,360.40958330599994,4,1,fb56e65a09f59762ee6b5c538ab091f0f435bfc939de195dd0737b389ae86cf1,[],657,31,3.744721028000003,results/B/pilot/pilot_pilot_000_02/result.json
B,pilot,pilot_pilot_000_03,g0340,211,pair-fusion,1623477541631,1623477.541631,1426481445287,360.004373673,360.10628799999995,1.0002830919134682,0.45963136851787567,360.66811257600784,360.63117642399993,4,1,fb56e65a09f59762ee6b5c538ab091f0f435bfc939de195dd0737b389ae86cf1,[],657,24,5.949640772,results/B/pilot/pilot_pilot_000_03/result.json
B,pilot,pilot_pilot_000_04,g0340,211,motif-refine,1620634885834,1620634.885834,1426481445287,360.003934258,360.07369900000003,1.00019378883218,0.43813978135585785,360.64213748276234,360.58136091600005,4,1,7703f96835baf09fac3b73cba8aaac1d373ee186d17c12359bb2704393acee19,[],657,16,1.0229757140000004,results/B/pilot/pilot_pilot_000_04/result.json
B,pilot,pilot_pilot_001_00,g0680,213,pair-direct,1244526001764,1244526.001764,1096628306104,360.003921162,358.186578,0.9949518795347171,0.8533072918653488,361.1466888412833,359.107786186,4,1,fb56e65a09f59762ee6b5c538ab091f0f435bfc939de195dd0737b389ae86cf1,[],656,39,3.4236691389999985,results/B/pilot/pilot_pilot_001_00/result.json
B,pilot,pilot_pilot_001_01,g0680,213,pair-refine,1244656227259,1244656.227259,1096628306104,360.00394969,360.15157999999997,1.000410079695312,0.6250200718641281,360.8563795313239,360.834732466,4,1,fb56e65a09f59762ee6b5c538ab091f0f435bfc939de195dd0737b389ae86cf1,[],657,42,3.495900811999999,results/B/pilot/pilot_pilot_001_01/result.json
B,pilot,pilot_pilot_001_02,g0680,213,pair-fusion,1245491809440,1245491.80944,1096628306104,360.003834772,359.97516400000006,0.9999203598150056,0.5481607839465141,360.77400621026754,360.590937095,4,1,fb56e65a09f59762ee6b5c538ab091f0f435bfc939de195dd0737b389ae86cf1,[],657,19,4.211373478999998,results/B/pilot/pilot_pilot_001_02/result.json
B,pilot,pilot_pilot_001_03,g0680,213,motif-refine,1244835309348,1244835.309348,1096628306104,360.003879383,360.1300940000001,1.0003505923803278,0.604505755007267,360.8338629975915,360.7991379340001,4,1,7703f96835baf09fac3b73cba8aaac1d373ee186d17c12359bb2704393acee19,[],657,19,0.8564623790000012,results/B/pilot/pilot_pilot_001_03/result.json
B,pilot,pilot_pilot_001_04,g0680,213,local,1244603748707,1244603.748707,1096628306104,360.004035608,360.14451099999997,1.000390205048015,0.6151437759399414,360.8816245049238,360.83597337,4,1,fb56e65a09f59762ee6b5c538ab091f0f435bfc939de195dd0737b389ae86cf1,[],0,0,0,results/B/pilot/pilot_pilot_001_04/result.json
B,pilot,pilot_pilot_002_00,g1200,223,pair-refine,883198016014,883198.016014,821391430367,360.00489732,358.88493700000004,0.9968890414315545,1.1534778997302055,361.52694441378117,360.11775270000004,4,1,fb56e65a09f59762ee6b5c538ab091f0f435bfc939de195dd0737b389ae86cf1,[],654,16,2.6351314610000007,results/B/pilot/pilot_pilot_002_00/result.json
B,pilot,pilot_pilot_002_01,g1200,223,pair-fusion,884145976876,884145.976876,821391430367,360.00460109,360.20972500000005,1.0005697813566243,0.8533302992582321,361.150814935565,361.1355920420001,4,1,fb56e65a09f59762ee6b5c538ab091f0f435bfc939de195dd0737b389ae86cf1,[],655,12,5.450664419,results/B/pilot/pilot_pilot_002_01/result.json
B,pilot,pilot_pilot_002_02,g1200,223,motif-refine,883257490551,883257.490551,821391430367,360.004510996,360.01329299999986,1.0000243941498832,0.8320135697722435,361.0957102254033,360.9185592019998,4,1,7703f96835baf09fac3b73cba8aaac1d373ee186d17c12359bb2704393acee19,[],655,8,0.4794734520000003,results/B/pilot/pilot_pilot_002_02/result.json
B,pilot,pilot_pilot_002_03,g1200,223,local,883291647654,883291.647654,821391430367,360.004562246,360.18870500000025,1.0005115011677947,0.881798580288887,361.173556253314,361.1441095180003,4,1,fb56e65a09f59762ee6b5c538ab091f0f435bfc939de195dd0737b389ae86cf1,[],0,0,0,results/B/pilot/pilot_pilot_002_03/result.json
B,pilot,pilot_pilot_002_04,g1200,223,pair-direct,883198016014,883198.016014,821391430367,360.004629672,360.1782079999998,1.0004821558216013,0.8739031553268433,361.1542686074972,361.1233160009998,4,1,fb56e65a09f59762ee6b5c538ab091f0f435bfc939de195dd0737b389ae86cf1,[],655,15,2.3415085019999973,results/B/pilot/pilot_pilot_002_04/result.json
B,pilot,pilot_pilot_003_00,g1800,227,pair-fusion,680373138235,680373.138235,502195802253,360.005960299,358.665614,0.9962768774775652,1.5213402286171913,362.0309527516365,360.273962707,4,1,fb56e65a09f59762ee6b5c538ab091f0f435bfc939de195dd0737b389ae86cf1,[],654,6,1.621822869999998,results/B/pilot/pilot_pilot_003_00/result.json
B,pilot,pilot_pilot_003_01,g1800,227,motif-refine,680687935296,680687.935296,502195802253,360.005747083,360.25628399999994,1.0006959247707292,1.1447540670633316,361.49589420855045,361.47971335399995,4,1,7703f96835baf09fac3b73cba8aaac1d373ee186d17c12359bb2704393acee19,[],654,15,0.4737683869999999,results/B/pilot/pilot_pilot_003_01/result.json
B,pilot,pilot_pilot_003_02,g1800,227,local,680373138235,680373.138235,502195802253,360.005784529,360.08806600000014,1.0002285559691986,1.0525068640708923,361.4058283790946,361.22988898600016,4,1,fb56e65a09f59762ee6b5c538ab091f0f435bfc939de195dd0737b389ae86cf1,[],0,0,0,results/B/pilot/pilot_pilot_003_02/result.json
B,pilot,pilot_pilot_003_03,g1800,227,pair-direct,680373138235,680373.138235,502195802253,360.005659862,360.253745,1.0006891145491854,1.1736850216984749,361.5405375882983,361.51318307599996,4,1,fb56e65a09f59762ee6b5c538ab091f0f435bfc939de195dd0737b389ae86cf1,[],654,19,2.1904060279999986,results/B/pilot/pilot_pilot_003_03/result.json
B,pilot,pilot_pilot_003_04,g1800,227,pair-refine,680687935296,680687.935296,502195802253,360.005494004,360.2380889999997,1.0006460873510923,1.1191730126738548,361.4625194519758,361.4340194869997,4,1,fb56e65a09f59762ee6b5c538ab091f0f435bfc939de195dd0737b389ae86cf1,[],654,14,1.782014844000001,results/B/pilot/pilot_pilot_003_04/result.json
B,pilot,pilot_pilot_004_00,gW0680_gE1200_s0150,229,motif-refine,1063463547996,1063463.547996,957120493850,360.004325644,358.61351199999996,0.9961366751871327,1.0236123874783516,361.35248037427664,359.70945738499995,4,1,7703f96835baf09fac3b73cba8aaac1d373ee186d17c12359bb2704393acee19,[],656,18,0.7376408259999995,results/B/pilot/pilot_pilot_004_00/result.json
B,pilot,pilot_pilot_004_01,gW0680_gE1200_s0150,229,local,1063520344169,1063520.344169,957120493850,360.004011482,360.185119,1.0005030708331677,0.750711515545845,361.0113821923733,360.99365916299996,4,1,fb56e65a09f59762ee6b5c538ab091f0f435bfc939de195dd0737b389ae86cf1,[],0,0,0,results/B/pilot/pilot_pilot_004_01/result.json
B,pilot,pilot_pilot_004_02,gW0680_gE1200_s0150,229,pair-direct,1063633320153,1063633.320153,957120493850,360.004224847,360.01230999999996,1.0000224584947675,0.7012805342674255,360.96660432219505,360.7876846529999,4,1,fb56e65a09f59762ee6b5c538ab091f0f435bfc939de195dd0737b389ae86cf1,[],656,25,3.193147604999998,results/B/pilot/pilot_pilot_004_02/result.json
B,pilot,pilot_pilot_004_03,gW0680_gE1200_s0150,229,pair-refine,1063633320153,1063633.320153,957120493850,360.00469427,360.16608300000007,1.0004482961821577,0.7363535016775131,361.01300781965256,360.9830144080001,4,1,fb56e65a09f59762ee6b5c538ab091f0f435bfc939de195dd0737b389ae86cf1,[],656,25,3.0500621919999977,results/B/pilot/pilot_pilot_004_03/result.json
B,pilot,pilot_pilot_004_04,gW0680_gE1200_s0150,229,pair-fusion,1064611632582,1064611.632582,957120493850,360.004199925,360.15875800000003,1.0004293229774326,0.754803940653801,361.0122731626034,360.97934959,4,1,fb56e65a09f59762ee6b5c538ab091f0f435bfc939de195dd0737b389ae86cf1,[],656,20,4.574376147000001,results/B/pilot/pilot_pilot_004_04/result.json
B,pilot,pilot_pilot_005_00,gW0340_gE1200_s0150,233,motif-refine,1258184199558,1258184.199558,1129408656790,360.004155346,358.546248,0.9959503041163544,0.9432937651872635,361.2589354738593,359.563140932,4,1,7703f96835baf09fac3b73cba8aaac1d373ee186d17c12359bb2704393acee19,[],656,28,1.094799630000002,results/B/pilot/pilot_pilot_005_00/result.json
B,pilot,pilot_pilot_005_01,gW0340_gE1200_s0150,233,pair-fusion,1259532421401,1259532.421401,1129408656790,360.003873609,360.164642,1.000446574058741,0.6777572780847549,360.9201605245471,360.90389435500003,4,1,fb56e65a09f59762ee6b5c538ab091f0f435bfc939de195dd0737b389ae86cf1,[],656,26,5.175558159999998,results/B/pilot/pilot_pilot_005_01/result.json
B,pilot,pilot_pilot_005_02,gW0340_gE1200_s0150,233,pair-refine,1258239577609,1258239.577609,1129408656790,360.004065791,359.98592199999996,0.9999496011497532,0.62130918353796,360.8638776168227,360.68226450099996,4,1,fb56e65a09f59762ee6b5c538ab091f0f435bfc939de195dd0737b389ae86cf1,[],656,37,4.077598061999998,results/B/pilot/pilot_pilot_005_02/result.json
B,pilot,pilot_pilot_005_03,gW0340_gE1200_s0150,233,pair-direct,1258704352714,1258704.352714,1129408656790,360.004016895,360.14510300000006,1.0003919014743694,0.659411832690239,360.9082533195615,360.87592855200006,4,1,fb56e65a09f59762ee6b5c538ab091f0f435bfc939de195dd0737b389ae86cf1,[],656,39,4.299307888999999,results/B/pilot/pilot_pilot_005_03/result.json
B,pilot,pilot_pilot_005_04,gW0340_gE1200_s0150,233,local,1258504403485,1258504.403485,1129408656790,360.004228919,360.14099599999986,1.0003799040956005,0.7254113852977753,360.973067112267,360.94030431799985,4,1,fb56e65a09f59762ee6b5c538ab091f0f435bfc939de195dd0737b389ae86cf1,[],0,0,0,results/B/pilot/pilot_pilot_005_04/result.json
B,pilot,pilot_pilot_006_00,gW1200_gE0340_s0150,239,local,1260366558972,1260366.558972,1133931623480,360.004061943,358.96904099999995,0.9971249742644184,0.9647384583950043,361.27535655349493,360.00745538999996,4,1,fb56e65a09f59762ee6b5c538ab091f0f435bfc939de195dd0737b389ae86cf1,[],0,0,0,results/B/pilot/pilot_pilot_006_00/result.json
B,pilot,pilot_pilot_006_01,gW1200_gE0340_s0150,239,motif-refine,1260532723353,1260532.723353,1133931623480,360.003990652,360.15275,1.0004132158305539,0.6906404048204422,360.9335236698389,360.905893368,4,1,7703f96835baf09fac3b73cba8aaac1d373ee186d17c12359bb2704393acee19,[],656,20,0.9705471139999999,results/B/pilot/pilot_pilot_006_01/result.json
B,pilot,pilot_pilot_006_02,gW1200_gE0340_s0150,239,pair-fusion,1261751156258,1261751.156258,1133931623480,360.004344421,359.9733590000001,0.9999139304247849,0.6350230351090431,360.8729284480214,360.6776534710001,4,1,fb56e65a09f59762ee6b5c538ab091f0f435bfc939de195dd0737b389ae86cf1,[],656,27,6.374984097999995,results/B/pilot/pilot_pilot_006_02/result.json
B,pilot,pilot_pilot_006_03,gW1200_gE0340_s0150,239,pair-refine,1260529288835,1260529.288835,1133931623480,360.004283723,360.1336060000001,1.00035922427273,0.6658890396356583,360.91344545036554,360.86915305600013,4,1,fb56e65a09f59762ee6b5c538ab091f0f435bfc939de195dd0737b389ae86cf1,[],657,43,4.22855559,results/B/pilot/pilot_pilot_006_03/result.json
B,pilot,pilot_pilot_006_04,gW1200_gE0340_s0150,239,pair-direct,1260728702775,1260728.702775,1133931623480,360.004374115,360.1273469999999,1.0003415871968282,0.7408775314688683,360.9854335933924,360.93804093699987,4,1,fb56e65a09f59762ee6b5c538ab091f0f435bfc939de195dd0737b389ae86cf1,[],657,37,3.9181581250000037,results/B/pilot/pilot_pilot_006_04/result.json
B,pilot,pilot_pilot_007_00,gW1200_gE0680_s0150,241,pair-direct,1061915169639,1061915.169639,962458427942,360.004456107,358.592186,0.9960770760388026,1.0535864904522896,361.38640826940536,359.717136674,4,1,fb56e65a09f59762ee6b5c538ab091f0f435bfc939de195dd0737b389ae86cf1,[],655,35,3.491116270999999,results/B/pilot/pilot_pilot_007_00/result.json
B,pilot,pilot_pilot_007_01,gW1200_gE0680_s0150,241,local,1062587069714,1062587.069714,962458427942,360.003869099,360.18075500000003,1.0004913444442771,0.7395153641700745,360.99885876476765,360.98420811100004,4,1,fb56e65a09f59762ee6b5c538ab091f0f435bfc939de195dd0737b389ae86cf1,[],0,0,0,results/B/pilot/pilot_pilot_007_01/result.json
B,pilot,pilot_pilot_007_02,gW1200_gE0680_s0150,241,motif-refine,1062616089375,1062616.089375,962458427942,360.006145936,360.01196500000003,1.000016163790718,0.6993125900626183,360.96251779794693,360.78154930100004,4,1,7703f96835baf09fac3b73cba8aaac1d373ee186d17c12359bb2704393acee19,[],656,26,0.9137525220000001,results/B/pilot/pilot_pilot_007_02/result.json
B,pilot,pilot_pilot_007_03,gW1200_gE0680_s0150,241,pair-fusion,1062559516800,1062559.5168,962458427942,360.004746856,360.162693,1.0004387335038756,0.7323775514960289,361.01199313253164,360.977301162,4,1,fb56e65a09f59762ee6b5c538ab091f0f435bfc939de195dd0737b389ae86cf1,[],656,22,5.409095072,results/B/pilot/pilot_pilot_007_03/result.json
B,pilot,pilot_pilot_007_04,gW1200_gE0680_s0150,241,pair-refine,1062388191941,1062388.191941,962458427942,360.004192036,360.16112599999997,1.0004359226016575,0.7487436309456825,361.01189612597227,360.97906669599996,4,1,fb56e65a09f59762ee6b5c538ab091f0f435bfc939de195dd0737b389ae86cf1,[],655,33,3.729877843000005,results/B/pilot/pilot_pilot_007_04/result.json
B,pilot,pilot_pilot_008_00,g1200,251,pair-refine,880681759996,880681.759996,821391430367,360.005099216,358.172133,0.9949084992962828,1.1575943008065224,361.5284033790231,359.407794493,4,1,fb56e65a09f59762ee6b5c538ab091f0f435bfc939de195dd0737b389ae86cf1,[],655,23,2.6962338620000024,results/B/pilot/pilot_pilot_008_00/result.json
B,pilot,pilot_pilot_008_01,g1200,251,pair-direct,880681759996,880681.759996,821391430367,360.00456913,360.21019100000007,1.0005711646118742,0.8764851912856102,361.1721465960145,361.1614931120001,4,1,fb56e65a09f59762ee6b5c538ab091f0f435bfc939de195dd0737b389ae86cf1,[],655,22,2.2233551589999987,results/B/pilot/pilot_pilot_008_01/result.json
B,pilot,pilot_pilot_008_02,g1200,251,local,880876058795,880876.058795,821391430367,360.004397477,360.01684,1.000034562141705,0.8466177731752396,361.116218931973,360.938806019,4,1,fb56e65a09f59762ee6b5c538ab091f0f435bfc939de195dd0737b389ae86cf1,[],0,0,0,results/B/pilot/pilot_pilot_008_02/result.json
B,pilot,pilot_pilot_008_03,g1200,251,motif-refine,880731024208,880731.024208,821391430367,360.004826487,360.19233799999984,1.0005208583307885,0.8884467631578445,361.1900057718158,361.16051555499985,4,1,7703f96835baf09fac3b73cba8aaac1d373ee186d17c12359bb2704393acee19,[],655,17,0.5822998370000003,results/B/pilot/pilot_pilot_008_03/result.json
B,pilot,pilot_pilot_008_04,g1200,251,pair-fusion,883761575431,883761.575431,821391430367,360.004648846,360.1734389999999,1.0004688554843415,0.8863067030906677,361.1704389899969,361.1323118529999,4,1,fb56e65a09f59762ee6b5c538ab091f0f435bfc939de195dd0737b389ae86cf1,[],655,24,4.160147927000004,results/B/pilot/pilot_pilot_008_04/result.json
B,pilot,pilot_pilot_009_00,g0340,257,pair-fusion,1624177107070,1624177.10707,1426481445287,360.004305458,358.964953,0.9971129443669355,0.6661186218261719,360.923409037292,359.701025997,4,1,fb56e65a09f59762ee6b5c538ab091f0f435bfc939de195dd0737b389ae86cf1,[],657,26,5.516833831999999,results/B/pilot/pilot_pilot_009_00/result.json
B,pilot,pilot_pilot_009_01,g0340,257,pair-refine,1621039458106,1621039.458106,1426481445287,360.003691754,360.12058,1.0003246862426063,0.5009418800473213,360.7012817040086,360.677622548,4,1,fb56e65a09f59762ee6b5c538ab091f0f435bfc939de195dd0737b389ae86cf1,[],657,33,4.031913681000001,results/B/pilot/pilot_pilot_009_01/result.json
B,pilot,pilot_pilot_009_02,g0340,257,pair-direct,1620882321476,1620882.321476,1426481445287,360.003603196,359.932861,0.999803495866786,0.4248466268181801,360.6101934313774,360.423961417,4,1,fb56e65a09f59762ee6b5c538ab091f0f435bfc939de195dd0737b389ae86cf1,[],657,28,3.6563253080000013,results/B/pilot/pilot_pilot_009_02/result.json
B,pilot,pilot_pilot_009_03,g0340,257,local,1621573415516,1621573.415516,1426481445287,360.003667293,360.1039660000001,1.00027860468132,0.47239719331264496,360.68280705064535,360.6435812720001,4,1,fb56e65a09f59762ee6b5c538ab091f0f435bfc939de195dd0737b389ae86cf1,[],0,0,0,results/B/pilot/pilot_pilot_009_03/result.json
B,pilot,pilot_pilot_009_04,g0340,257,motif-refine,1621509543371,1621509.543371,1426481445287,360.00366787,360.0709579999998,1.0001869151233873,0.4591463878750801,360.66001614928246,360.59653143899976,4,1,7703f96835baf09fac3b73cba8aaac1d373ee186d17c12359bb2704393acee19,[],657,13,1.0149531089999995,results/B/pilot/pilot_pilot_009_04/result.json
E,ablation,ablation_ablation_000_00,gW1200_gE0340_s0150,79,full,1260033462988,1260033.462988,1133931623480,360.004110499,358.841296,0.9967699966053493,0.9572866261005402,361.2559564188123,359.86040896500003,4,1,8dba1d02ad3da42f49d3a9b6d0858a6bdbdffb0e28c9fa41e4f5130ab0bab656,[],657,35,5.821386608000001,results/E/ablation/ablation_ablation_000_00/result.json
E,ablation,ablation_ablation_000_01,gW1200_gE0340_s0150,79,pulse-only,1260443049816,1260443.049816,1133931623480,360.004333533,358.14610899999997,0.994838327320219,0.6194008439779282,360.85428643226624,358.832740124,4,1,8dba1d02ad3da42f49d3a9b6d0858a6bdbdffb0e28c9fa41e4f5130ab0bab656,[],656,0,1.4338008979999972,results/E/ablation/ablation_ablation_000_01/result.json
E,ablation,ablation_ablation_001_00,gW1200_gE0680_s0150,71,full,1065961744762,1065961.744762,962458427942,360.004572612,358.45164800000003,0.995686375312589,1.01996498554945,361.34399173408747,359.53416886300005,4,1,8dba1d02ad3da42f49d3a9b6d0858a6bdbdffb0e28c9fa41e4f5130ab0bab656,[],656,27,6.298473162000002,results/E/ablation/ablation_ablation_001_00/result.json
E,ablation,ablation_ablation_001_01,gW1200_gE0680_s0150,71,pulse-only,1065093603939,1065093.603939,962458427942,360.004351226,358.58362700000004,0.9960535915158757,0.7059176862239838,360.944275572896,359.35092597400006,4,1,8dba1d02ad3da42f49d3a9b6d0858a6bdbdffb0e28c9fa41e4f5130ab0bab656,[],655,0,1.3086582220000003,results/E/ablation/ablation_ablation_001_01/result.json
E,ablation,ablation_ablation_002_00,g1200,71,full,882286905328,882286.905328,821391430367,360.004695528,359.133732,0.9975806884220701,1.164338804781437,361.5199995338917,360.36655361500004,4,1,8dba1d02ad3da42f49d3a9b6d0858a6bdbdffb0e28c9fa41e4f5130ab0bab656,[],655,29,4.633342770999992,results/E/ablation/ablation_ablation_002_00/result.json
E,ablation,ablation_ablation_002_01,g1200,71,pulse-only,882830350297,882830.350297,821391430367,360.004545563,358.65968599999997,0.996264326160391,0.7849521115422249,361.05592189729214,359.513548486,4,1,8dba1d02ad3da42f49d3a9b6d0858a6bdbdffb0e28c9fa41e4f5130ab0bab656,[],655,0,1.089940644,results/E/ablation/ablation_ablation_002_01/result.json
E,ablation,ablation_ablation_003_00,g1800,73,full,681016680728,681016.680728,502195802253,360.005920713,357.85722699999997,0.994031504513191,1.5743319317698479,362.0163566470146,359.513004181,4,1,8dba1d02ad3da42f49d3a9b6d0858a6bdbdffb0e28c9fa41e4f5130ab0bab656,[],654,11,3.5616666849999965,results/E/ablation/ablation_ablation_003_00/result.json
E,ablation,ablation_ablation_003_01,g1800,73,pulse-only,680988484289,680988.484289,502195802253,360.006007907,356.74492499999997,0.9909415875419432,1.065315455198288,361.4046626314521,357.89605321199997,4,1,8dba1d02ad3da42f49d3a9b6d0858a6bdbdffb0e28c9fa41e4f5130ab0bab656,[],653,0,0.8081747970000005,results/E/ablation/ablation_ablation_003_01/result.json
E,ablation,ablation_ablation_004_00,gW0680_gE1200_s0150,71,full,1064067945497,1064067.945497,957120493850,360.004163257,358.320604,0.9953235005901914,1.0242224037647247,361.34757562726736,359.411728926,4,1,8dba1d02ad3da42f49d3a9b6d0858a6bdbdffb0e28c9fa41e4f5130ab0bab656,[],656,27,5.110312754000004,results/E/ablation/ablation_ablation_004_00/result.json
E,ablation,ablation_ablation_004_01,gW0680_gE1200_s0150,71,pulse-only,1064572955492,1064572.955492,957120493850,360.004269139,358.0514839999999,0.9945756611618234,0.6909113004803658,360.9314721003175,358.8087338029999,4,1,8dba1d02ad3da42f49d3a9b6d0858a6bdbdffb0e28c9fa41e4f5130ab0bab656,[],656,0,1.3569732040000009,results/E/ablation/ablation_ablation_004_01/result.json
E,ablation,ablation_ablation_005_00,gW0340_gE1200_s0150,73,full,1260979681042,1260979.681042,1129408656790,360.004020089,358.762383,0.9965510466002767,0.936550460755825,361.22958759218454,359.760603253,4,1,8dba1d02ad3da42f49d3a9b6d0858a6bdbdffb0e28c9fa41e4f5130ab0bab656,[],656,32,5.704807032000007,results/E/ablation/ablation_ablation_005_00/result.json
E,ablation,ablation_ablation_005_01,gW0340_gE1200_s0150,73,pulse-only,1260493041857,1260493.041857,1129408656790,360.004547264,358.853354,0.9968022813246418,0.6323735043406487,360.86785332113504,359.54513909800005,4,1,8dba1d02ad3da42f49d3a9b6d0858a6bdbdffb0e28c9fa41e4f5130ab0bab656,[],656,0,1.159277558,results/E/ablation/ablation_ablation_005_01/result.json
E,ablation,ablation_ablation_006_00,g0680,79,full,1243754215522,1243754.215522,1096628306104,360.003869264,358.44868199999996,0.9956800818080664,0.8682283014059067,361.15468740463257,359.37855436399997,4,1,8dba1d02ad3da42f49d3a9b6d0858a6bdbdffb0e28c9fa41e4f5130ab0bab656,[],657,19,4.8728626679999945,results/E/ablation/ablation_ablation_006_00/result.json
E,ablation,ablation_ablation_006_01,g0680,79,pulse-only,1244269823962,1244269.823962,1096628306104,360.00391143,358.20934800000003,0.9950151557440816,0.5702173337340355,360.788827881217,358.84168545100005,4,1,8dba1d02ad3da42f49d3a9b6d0858a6bdbdffb0e28c9fa41e4f5130ab0bab656,[],656,0,0.9593670139999996,results/E/ablation/ablation_ablation_006_01/result.json
E,ablation,ablation_ablation_007_00,gW0680_gE1200_s0150,79,full,1065687697924,1065687.697924,957120493850,360.004168902,358.6993,0.996375406134935,1.0256369709968567,361.34831357747316,359.783667164,4,1,8dba1d02ad3da42f49d3a9b6d0858a6bdbdffb0e28c9fa41e4f5130ab0bab656,[],656,19,5.22434541599999,results/E/ablation/ablation_ablation_007_00/result.json
E,ablation,ablation_ablation_007_01,gW0680_gE1200_s0150,79,pulse-only,1065479553143,1065479.553143,957120493850,360.004248593,357.655144,0.993474786472157,0.708246648311615,360.9588660374284,358.42780035600003,4,1,8dba1d02ad3da42f49d3a9b6d0858a6bdbdffb0e28c9fa41e4f5130ab0bab656,[],656,0,1.0212978490000013,results/E/ablation/ablation_ablation_007_01/result.json
E,ablation,ablation_ablation_008_00,g0340,71,full,1622538192935,1622538.192935,1426481445287,360.003950316,358.759292,0.9965426537266954,0.6656721159815788,360.91451945900917,359.477605526,4,1,8dba1d02ad3da42f49d3a9b6d0858a6bdbdffb0e28c9fa41e4f5130ab0bab656,[],657,32,6.2827516039999995,results/E/ablation/ablation_ablation_008_00/result.json
E,ablation,ablation_ablation_008_01,g0340,71,pulse-only,1622671040939,1622671.040939,1426481445287,360.003632628,357.915253,0.9941990040135013,0.4151419326663017,360.59945534169674,358.390214575,4,1,8dba1d02ad3da42f49d3a9b6d0858a6bdbdffb0e28c9fa41e4f5130ab0bab656,[],658,0,1.2833402679999986,results/E/ablation/ablation_ablation_008_01/result.json
E,ablation,ablation_ablation_009_00,gW1200_gE0680_s0150,79,full,1064977596161,1064977.596161,962458427942,360.004407767,358.877884,0.9968708056271103,1.0818628370761871,361.41038931906223,360.017969824,4,1,8dba1d02ad3da42f49d3a9b6d0858a6bdbdffb0e28c9fa41e4f5130ab0bab656,[],655,38,6.843263634999998,results/E/ablation/ablation_ablation_009_00/result.json
E,ablation,ablation_ablation_009_01,gW1200_gE0680_s0150,79,pulse-only,1065757036201,1065757.036201,962458427942,360.004552019,358.150458,0.9948498039577507,0.698557935655117,360.95251450687647,358.92022452500004,4,1,8dba1d02ad3da42f49d3a9b6d0858a6bdbdffb0e28c9fa41e4f5130ab0bab656,[],656,0,1.8039293250000008,results/E/ablation/ablation_ablation_009_01/result.json
E,ablation,ablation_ablation_010_00,gW1200_gE0680_s0150,73,full,1064651840697,1064651.840697,962458427942,360.004858372,358.798177,0.996648152534783,1.020862340927124,361.3430039957166,359.884971087,4,1,8dba1d02ad3da42f49d3a9b6d0858a6bdbdffb0e28c9fa41e4f5130ab0bab656,[],655,15,4.003092786999996,results/E/ablation/ablation_ablation_010_00/result.json
E,ablation,ablation_ablation_010_01,gW1200_gE0680_s0150,73,pulse-only,1064671961279,1064671.961279,962458427942,360.004352401,358.421727,0.9956038714797615,0.7043196856975555,360.9507240578532,359.19725176199995,4,1,8dba1d02ad3da42f49d3a9b6d0858a6bdbdffb0e28c9fa41e4f5130ab0bab656,[],655,0,1.1599446849999993,results/E/ablation/ablation_ablation_010_01/result.json
E,ablation,ablation_ablation_011_00,g0340,73,full,1622956791486,1622956.791486,1426481445287,360.003955566,358.511042,0.995853063437448,0.6504820287227631,360.9039285853505,359.220799418,4,1,8dba1d02ad3da42f49d3a9b6d0858a6bdbdffb0e28c9fa41e4f5130ab0bab656,[],658,23,3.9767421419999986,results/E/ablation/ablation_ablation_011_00/result.json
E,ablation,ablation_ablation_011_01,g0340,73,pulse-only,1624095802221,1624095.802221,1426481445287,360.003507108,358.24759500000005,0.9951225138829739,0.4223831817507744,360.60892283916473,358.730427166,4,1,8dba1d02ad3da42f49d3a9b6d0858a6bdbdffb0e28c9fa41e4f5130ab0bab656,[],658,0,1.237089168,results/E/ablation/ablation_ablation_011_01/result.json
E,ablation,ablation_ablation_012_00,gW0340_gE1200_s0150,71,pulse-only,1260097174149,1260097.174149,1129408656790,360.004561561,358.706808,0.996395174673974,0.6499761641025543,360.89449132978916,359.423089946,4,1,8dba1d02ad3da42f49d3a9b6d0858a6bdbdffb0e28c9fa41e4f5130ab0bab656,[],656,0,1.288580145999999,results/E/ablation/ablation_ablation_012_00/result.json
E,ablation,ablation_ablation_012_01,gW0340_gE1200_s0150,71,full,1259817913503,1259817.913503,1129408656790,360.004271641,358.64055899999994,0.9962119542782537,0.6712587028741837,360.9389767944813,359.37350032699993,4,1,8dba1d02ad3da42f49d3a9b6d0858a6bdbdffb0e28c9fa41e4f5130ab0bab656,[],656,36,6.331831204000001,results/E/ablation/ablation_ablation_012_01/result.json
E,ablation,ablation_ablation_013_00,gW0340_gE1200_s0150,79,pulse-only,1261057168248,1261057.168248,1129408656790,360.004544586,359.0777499999998,0.9974256030932442,0.6116394549608231,360.8587986379862,359.75878870299977,4,1,8dba1d02ad3da42f49d3a9b6d0858a6bdbdffb0e28c9fa41e4f5130ab0bab656,[],657,0,1.120757289999998,results/E/ablation/ablation_ablation_013_00/result.json
E,ablation,ablation_ablation_013_01,gW0340_gE1200_s0150,79,full,1261191638637,1261191.638637,1129408656790,360.003912485,358.7721120000001,0.9965783691724428,0.6746811419725418,360.9119042903185,359.5044102210001,4,1,8dba1d02ad3da42f49d3a9b6d0858a6bdbdffb0e28c9fa41e4f5130ab0bab656,[],656,26,6.417441962000002,results/E/ablation/ablation_ablation_013_01/result.json
E,ablation,ablation_ablation_014_00,gW0680_gE1200_s0150,73,pulse-only,1064593283227,1064593.283227,957120493850,360.004695955,358.80208099999993,0.9966594464780248,0.6925996094942093,360.9600684121251,359.5668706649999,4,1,8dba1d02ad3da42f49d3a9b6d0858a6bdbdffb0e28c9fa41e4f5130ab0bab656,[],656,0,1.0890112249999997,results/E/ablation/ablation_ablation_014_00/result.json
E,ablation,ablation_ablation_014_01,gW0680_gE1200_s0150,73,full,1064783003180,1064783.00318,957120493850,360.003884876,359.23865000000023,0.9978743705050201,0.7635816186666489,361.0120275616646,360.0614166160002,4,1,8dba1d02ad3da42f49d3a9b6d0858a6bdbdffb0e28c9fa41e4f5130ab0bab656,[],656,30,5.228303361000002,results/E/ablation/ablation_ablation_014_01/result.json
E,ablation,ablation_ablation_015_00,g0680,73,pulse-only,1244786807523,1244786.807523,1096628306104,360.004157396,358.4453849999999,0.9956701266805498,0.6200915202498436,360.8481672927737,359.13559467199985,4,1,8dba1d02ad3da42f49d3a9b6d0858a6bdbdffb0e28c9fa41e4f5130ab0bab656,[],657,0,1.3143703609999997,results/E/ablation/ablation_ablation_015_00/result.json
E,ablation,ablation_ablation_015_01,g0680,73,full,1246486722667,1246486.722667,1096628306104,360.00365239,358.56734200000005,0.9960102893943865,0.6288058236241341,360.84986804425716,359.2485819210001,4,1,8dba1d02ad3da42f49d3a9b6d0858a6bdbdffb0e28c9fa41e4f5130ab0bab656,[],657,29,6.305155625999993,results/E/ablation/ablation_ablation_015_01/result.json
E,ablation,ablation_ablation_016_00,g1200,79,pulse-only,882156961351,882156.961351,821391430367,360.004972112,358.32428500000003,0.9953314891676632,0.8200587928295135,361.10407123714685,359.21750147,4,1,8dba1d02ad3da42f49d3a9b6d0858a6bdbdffb0e28c9fa41e4f5130ab0bab656,[],654,0,1.1373297590000009,results/E/ablation/ablation_ablation_016_00/result.json
E,ablation,ablation_ablation_016_01,g1200,79,full,881265166828,881265.166828,821391430367,360.004687776,358.397962,0.9955369309607442,0.9134216532111168,361.19181729853153,359.37345441400004,4,1,8dba1d02ad3da42f49d3a9b6d0858a6bdbdffb0e28c9fa41e4f5130ab0bab656,[],654,20,4.473523665999998,results/E/ablation/ablation_ablation_016_01/result.json
E,ablation,ablation_ablation_017_00,g0680,71,pulse-only,1245700956401,1245700.956401,1096628306104,360.004006914,359.18413799999996,0.9977226116980529,0.5831985175609589,360.8071781769395,359.8360231109999,4,1,8dba1d02ad3da42f49d3a9b6d0858a6bdbdffb0e28c9fa41e4f5130ab0bab656,[],656,0,1.273675466,results/E/ablation/ablation_ablation_017_00/result.json
E,ablation,ablation_ablation_017_01,g0680,71,full,1245860340896,1245860.340896,1096628306104,360.003734859,359.023453,0.9972770230859301,0.6146242097020149,360.8701371178031,359.700627157,4,1,8dba1d02ad3da42f49d3a9b6d0858a6bdbdffb0e28c9fa41e4f5130ab0bab656,[],657,32,6.393798039999993,results/E/ablation/ablation_ablation_017_01/result.json
E,ablation,ablation_ablation_018_00,gW1200_gE0340_s0150,71,pulse-only,1262485978065,1262485.978065,1133931623480,360.004079041,358.571811,0.9960215227426996,0.6581692770123482,360.89063000679016,359.296919288,4,1,8dba1d02ad3da42f49d3a9b6d0858a6bdbdffb0e28c9fa41e4f5130ab0bab656,[],656,0,1.3403699949999988,results/E/ablation/ablation_ablation_018_00/result.json
E,ablation,ablation_ablation_018_01,gW1200_gE0340_s0150,71,full,1262286361351,1262286.361351,1133931623480,360.004658883,358.667543,0.9962858372801378,0.7550685256719589,361.0246324464679,359.488141425,4,1,8dba1d02ad3da42f49d3a9b6d0858a6bdbdffb0e28c9fa41e4f5130ab0bab656,[],656,21,6.172967581999997,results/E/ablation/ablation_ablation_018_01/result.json
E,ablation,ablation_ablation_019_00,gW1200_gE0340_s0150,73,pulse-only,1262769448141,1262769.448141,1133931623480,360.004422828,358.4978669999999,0.9958151741132363,0.6286674439907074,360.8741786777973,359.1930104559999,4,1,8dba1d02ad3da42f49d3a9b6d0858a6bdbdffb0e28c9fa41e4f5130ab0bab656,[],656,0,1.487218412999999,results/E/ablation/ablation_ablation_019_00/result.json
E,ablation,ablation_ablation_019_01,gW1200_gE0340_s0150,73,full,1261642571914,1261642.571914,1133931623480,360.003775994,359.03979900000013,0.9973223142136821,0.6884210184216499,360.9279083609581,359.78601917400016,4,1,8dba1d02ad3da42f49d3a9b6d0858a6bdbdffb0e28c9fa41e4f5130ab0bab656,[],656,17,5.501947101999996,results/E/ablation/ablation_ablation_019_01/result.json
E,ablation,ablation_ablation_020_00,g1800,71,pulse-only,684000018109,684000.018109,502195802253,360.005878916,358.4215730000001,0.9955992220994547,1.0983126163482666,361.4377793967724,359.6048152090001,4,1,8dba1d02ad3da42f49d3a9b6d0858a6bdbdffb0e28c9fa41e4f5130ab0bab656,[],654,0,1.1485746470000024,results/E/ablation/ablation_ablation_020_00/result.json
E,ablation,ablation_ablation_020_01,g1800,71,full,685278677138,685278.677138,502195802253,360.005329126,358.4734880000001,0.9957449487491787,1.162314422428608,361.50311686098576,359.70238059600007,4,1,8dba1d02ad3da42f49d3a9b6d0858a6bdbdffb0e28c9fa41e4f5130ab0bab656,[],654,17,4.470447790999999,results/E/ablation/ablation_ablation_020_01/result.json
E,ablation,ablation_ablation_021_00,g0340,79,pulse-only,1623282396827,1623282.396827,1426481445287,360.004139233,358.95102899999995,0.9970747274316242,0.4044027552008629,360.60801960527897,359.42151096599997,4,1,8dba1d02ad3da42f49d3a9b6d0858a6bdbdffb0e28c9fa41e4f5130ab0bab656,[],658,0,1.3053662330000007,results/E/ablation/ablation_ablation_021_00/result.json
E,ablation,ablation_ablation_021_01,g0340,79,full,1623159672310,1623159.67231,1426481445287,360.004420985,358.70897000000014,0.996401569232246,0.4542478546500206,360.6588979586959,359.22120573400014,4,1,8dba1d02ad3da42f49d3a9b6d0858a6bdbdffb0e28c9fa41e4f5130ab0bab656,[],657,21,4.725328452000006,results/E/ablation/ablation_ablation_021_01/result.json
E,ablation,ablation_ablation_022_00,g1800,79,pulse-only,681371437573,681371.437573,502195802253,360.010427229,358.9158669999998,0.9969596429819407,1.1128749921917915,361.4755325615406,360.1178450879998,4,1,8dba1d02ad3da42f49d3a9b6d0858a6bdbdffb0e28c9fa41e4f5130ab0bab656,[],654,0,0.7155030999999994,results/E/ablation/ablation_ablation_022_00/result.json
E,ablation,ablation_ablation_022_01,g1800,79,full,680942553563,680942.553563,502195802253,360.005679936,358.5528640000002,0.9959644638488536,1.1763431653380394,361.52292370051146,359.79751753200026,4,1,8dba1d02ad3da42f49d3a9b6d0858a6bdbdffb0e28c9fa41e4f5130ab0bab656,[],654,12,3.2620090760000053,results/E/ablation/ablation_ablation_022_01/result.json
E,ablation,ablation_ablation_023_00,g1200,73,pulse-only,884111029173,884111.029173,821391430367,360.004968845,357.895937,0.994141659067189,0.8337327241897583,361.10651855915785,358.795587484,4,1,8dba1d02ad3da42f49d3a9b6d0858a6bdbdffb0e28c9fa41e4f5130ab0bab656,[],655,0,1.2802401949999997,results/E/ablation/ablation_ablation_023_00/result.json
E,ablation,ablation_ablation_023_01,g1200,73,full,883875148838,883875.148838,821391430367,360.004948317,357.842181,0.9939923955848085,0.8423969149589539,361.1506480574608,358.75794355499994,4,1,8dba1d02ad3da42f49d3a9b6d0858a6bdbdffb0e28c9fa41e4f5130ab0bab656,[],655,21,4.169573572,results/E/ablation/ablation_ablation_023_01/result.json
F,confirmation,confirmation_confirm_000_00,gW1200_gE0340_s0150,97,full,1262219577433,1262219.577433,1133931623480,360.004273741,358.31512299999997,0.9953079703097767,0.9204042181372643,361.2199560776353,359.30284615,4,1,8dba1d02ad3da42f49d3a9b6d0858a6bdbdffb0e28c9fa41e4f5130ab0bab656,[],657,17,6.685839824000003,results/F/confirmation/confirmation_confirm_000_00/result.json
F,confirmation,confirmation_confirm_000_01,gW1200_gE0340_s0150,97,chils-basic,1260086114875,1260086.114875,1133931623480,360.00079660117626,358.623825204,0.9961750879159812,0.6442253887653351,360.71524902433157,359.33788754899996,4,1,134b238004b3f7ca7fc0ee1b424c9a6826139b86656156e8adc4ecc0acd68736,[],0,0,0,results/F/confirmation/confirmation_confirm_000_01/result.json
F,confirmation,confirmation_confirm_001_00,gW1200_gE0680_s0150,83,full,1063635108762,1063635.108762,962458427942,360.004556797,358.251983,0.9951318010733173,1.0208066254854202,361.34919887036085,359.342436258,4,1,8dba1d02ad3da42f49d3a9b6d0858a6bdbdffb0e28c9fa41e4f5130ab0bab656,[],655,34,6.354165421000003,results/F/confirmation/confirmation_confirm_001_00/result.json
F,confirmation,confirmation_confirm_001_01,gW1200_gE0680_s0150,83,chils-basic,1062178367685,1062178.367685,962458427942,360.0009592920542,358.620744387,0.9961660799244303,0.7923843562602997,360.8699832037091,359.48503317300003,4,1,134b238004b3f7ca7fc0ee1b424c9a6826139b86656156e8adc4ecc0acd68736,[],0,0,0,results/F/confirmation/confirmation_confirm_001_01/result.json
F,confirmation,confirmation_confirm_002_00,g1200,83,full,881603627332,881603.627332,821391430367,360.005367039,359.02457100000004,0.9972756071747849,1.1587219834327698,361.5211590901017,360.25609274800007,4,1,8dba1d02ad3da42f49d3a9b6d0858a6bdbdffb0e28c9fa41e4f5130ab0bab656,[],655,8,4.272830892000001,results/F/confirmation/confirmation_confirm_002_00/result.json
F,confirmation,confirmation_confirm_002_01,g1200,83,chils-basic,880288029271,880288.029271,821391430367,360.0010715648532,358.45623067500003,0.9957087880790519,0.8150874301791191,360.8916207253933,359.338344521,4,1,134b238004b3f7ca7fc0ee1b424c9a6826139b86656156e8adc4ecc0acd68736,[],0,0,0,results/F/confirmation/confirmation_confirm_002_01/result.json
F,confirmation,confirmation_confirm_003_00,g1800,89,full,681667672522,681667.672522,502195802253,360.005733186,357.873125,0.9940761827120732,1.6024217307567596,362.05236196517944,359.559246798,4,1,8dba1d02ad3da42f49d3a9b6d0858a6bdbdffb0e28c9fa41e4f5130ab0bab656,[],654,14,3.2627399899999996,results/F/confirmation/confirmation_confirm_003_00/result.json
F,confirmation,confirmation_confirm_003_01,g1800,89,chils-basic,681582361022,681582.361022,502195802253,360.00106559693813,357.921669731,0.9942239174695493,1.1318180412054062,361.2187973111868,359.128001918,4,1,134b238004b3f7ca7fc0ee1b424c9a6826139b86656156e8adc4ecc0acd68736,[],0,0,0,results/F/confirmation/confirmation_confirm_003_01/result.json
F,confirmation,confirmation_confirm_004_00,gW0680_gE1200_s0150,83,full,1065204645692,1065204.645692,957120493850,360.004577388,358.254738,0.9951393968357406,1.031004048883915,361.3552581295371,359.355126401,4,1,8dba1d02ad3da42f49d3a9b6d0858a6bdbdffb0e28c9fa41e4f5130ab0bab656,[],655,27,6.860988851000002,results/F/confirmation/confirmation_confirm_004_00/result.json
F,confirmation,confirmation_confirm_004_01,gW0680_gE1200_s0150,83,chils-basic,1062005796252,1062005.796252,957120493850,360.00031393766403,358.557977272,0.9959935127558979,0.7317903339862823,360.8041349723935,359.357313255,4,1,134b238004b3f7ca7fc0ee1b424c9a6826139b86656156e8adc4ecc0acd68736,[],0,0,0,results/F/confirmation/confirmation_confirm_004_01/result.json
F,confirmation,confirmation_confirm_005_00,gW0340_gE1200_s0150,89,full,1262044677517,1262044.677517,1129408656790,360.004140842,358.620791,0.9961574057488212,0.9432387724518776,361.24711698293686,359.634264816,4,1,8dba1d02ad3da42f49d3a9b6d0858a6bdbdffb0e28c9fa41e4f5130ab0bab656,[],656,27,5.944014492999999,results/F/confirmation/confirmation_confirm_005_00/result.json
F,confirmation,confirmation_confirm_005_01,gW0340_gE1200_s0150,89,chils-basic,1258234470969,1258234.470969,1129408656790,360.0016310811043,358.60533736099995,0.9961214239060218,0.6594237238168716,360.7347947880626,359.338056197,4,1,134b238004b3f7ca7fc0ee1b424c9a6826139b86656156e8adc4ecc0acd68736,[],0,0,0,results/F/confirmation/confirmation_confirm_005_01/result.json
F,confirmation,confirmation_confirm_006_00,g0680,97,full,1246973627532,1246973.627532,1096628306104,360.004463737,358.607934,0.9961207988298162,1.0036317929625511,361.2979137971997,359.679287134,4,1,8dba1d02ad3da42f49d3a9b6d0858a6bdbdffb0e28c9fa41e4f5130ab0bab656,[],657,39,6.5337043950000036,results/F/confirmation/confirmation_confirm_006_00/result.json
F,confirmation,confirmation_confirm_006_01,g0680,97,chils-basic,1245381710094,1245381.710094,1096628306104,360.00055930763483,358.658329283,0.996271589057483,0.6139290109276772,360.68748438358307,359.3448062509999,4,1,134b238004b3f7ca7fc0ee1b424c9a6826139b86656156e8adc4ecc0acd68736,[],0,0,0,results/F/confirmation/confirmation_confirm_006_01/result.json
F,confirmation,confirmation_confirm_007_00,gW0680_gE1200_s0150,97,full,1065346121870,1065346.12187,957120493850,360.004784213,358.631919,0.9961865361983975,1.0314745977520943,361.3578671142459,359.733286762,4,1,8dba1d02ad3da42f49d3a9b6d0858a6bdbdffb0e28c9fa41e4f5130ab0bab656,[],656,22,6.089668409999996,results/F/confirmation/confirmation_confirm_007_00/result.json
F,confirmation,confirmation_confirm_007_01,gW0680_gE1200_s0150,97,chils-basic,1063340481320,1063340.48132,957120493850,360.0009468346834,358.3299412,0.9953583298894746,0.7158765643835068,360.7887519001961,359.117270326,4,1,134b238004b3f7ca7fc0ee1b424c9a6826139b86656156e8adc4ecc0acd68736,[],0,0,0,results/F/confirmation/confirmation_confirm_007_01/result.json
F,confirmation,confirmation_confirm_008_00,g0340,83,full,1622357113040,1622357.11304,1426481445287,360.003820706,358.94748999999996,0.9970657791799863,0.6324105560779572,360.87955290079117,359.64243136299996,4,1,8dba1d02ad3da42f49d3a9b6d0858a6bdbdffb0e28c9fa41e4f5130ab0bab656,[],657,15,4.9218592199999955,results/F/confirmation/confirmation_confirm_008_00/result.json
F,confirmation,confirmation_confirm_008_01,g0340,83,chils-basic,1624371853269,1624371.853269,1426481445287,360.0007675886154,358.85271643600004,0.9968109758201202,0.4697489067912102,360.5376306846738,359.389211366,4,1,134b238004b3f7ca7fc0ee1b424c9a6826139b86656156e8adc4ecc0acd68736,[],0,0,0,results/F/confirmation/confirmation_confirm_008_01/result.json
F,confirmation,confirmation_confirm_009_00,gW1200_gE0680_s0150,97,full,1066106961147,1066106.961147,962458427942,360.004536137,358.414245,0.995582580280614,1.0162957310676575,361.34181379526854,359.50019205,4,1,8dba1d02ad3da42f49d3a9b6d0858a6bdbdffb0e28c9fa41e4f5130ab0bab656,[],656,26,5.868730393000002,results/F/confirmation/confirmation_confirm_009_00/result.json
F,confirmation,confirmation_confirm_009_01,gW1200_gE0680_s0150,97,chils-basic,1060744874628,1060744.874628,962458427942,360.0003803893924,358.552405717,0.9959778523821942,0.740338146686554,360.81254056096077,359.36012083799994,4,1,134b238004b3f7ca7fc0ee1b424c9a6826139b86656156e8adc4ecc0acd68736,[],0,0,0,results/F/confirmation/confirmation_confirm_009_01/result.json
F,confirmation,confirmation_confirm_010_00,gW1200_gE0680_s0150,89,full,1065644722442,1065644.722442,962458427942,360.004492873,358.47086699999994,0.9957399812964527,1.0135819464921951,361.3414996191859,359.55470140399996,4,1,8dba1d02ad3da42f49d3a9b6d0858a6bdbdffb0e28c9fa41e4f5130ab0bab656,[],656,27,5.294782026999993,results/F/confirmation/confirmation_confirm_010_00/result.json
F,confirmation,confirmation_confirm_010_01,gW1200_gE0680_s0150,89,chils-basic,1060830198133,1060830.198133,962458427942,360.000706627965,358.593796659,0.9960919244238626,0.7379873692989349,360.8116117864847,359.40345692700004,4,1,134b238004b3f7ca7fc0ee1b424c9a6826139b86656156e8adc4ecc0acd68736,[],0,0,0,results/F/confirmation/confirmation_confirm_010_01/result.json
F,confirmation,confirmation_confirm_011_00,g0340,89,full,1623434935286,1623434.935286,1426481445287,360.003939513,358.47844299999997,0.9957625560568486,0.6351970285177231,360.8815704807639,359.176086123,4,1,8dba1d02ad3da42f49d3a9b6d0858a6bdbdffb0e28c9fa41e4f5130ab0bab656,[],658,24,5.447117001999999,results/F/confirmation/confirmation_confirm_011_00/result.json
F,confirmation,confirmation_confirm_011_01,g0340,89,chils-basic,1624152321351,1624152.321351,1426481445287,360.0006743967533,358.537041431,0.9959343604891687,0.4700569808483124,360.53725968301296,359.07328361599997,4,1,134b238004b3f7ca7fc0ee1b424c9a6826139b86656156e8adc4ecc0acd68736,[],0,0,0,results/F/confirmation/confirmation_confirm_011_01/result.json
F,confirmation,confirmation_confirm_012_00,gW0340_gE1200_s0150,83,chils-basic,1259652828104,1259652.828104,1129408656790,360.0016117095947,358.84524999200005,0.9967878984982781,0.6559522673487663,360.7291656807065,359.569590333,4,1,134b238004b3f7ca7fc0ee1b424c9a6826139b86656156e8adc4ecc0acd68736,[],0,0,0,results/F/confirmation/confirmation_confirm_012_00/result.json
F,confirmation,confirmation_confirm_012_01,gW0340_gE1200_s0150,83,full,1261626822263,1261626.822263,1129408656790,360.003975505,358.886339,0.9968954884361145,0.6710726395249367,360.92268520593643,359.6064438300001,4,1,8dba1d02ad3da42f49d3a9b6d0858a6bdbdffb0e28c9fa41e4f5130ab0bab656,[],656,20,6.2158654769999995,results/F/confirmation/confirmation_confirm_012_01/result.json
F,confirmation,confirmation_confirm_013_00,gW0340_gE1200_s0150,97,chils-basic,1259285385748,1259285.385748,1129408656790,360.00075900554657,358.675885791,0.9963198043853952,0.6471854746341705,360.7182845622301,359.390171012,4,1,134b238004b3f7ca7fc0ee1b424c9a6826139b86656156e8adc4ecc0acd68736,[],0,0,0,results/F/confirmation/confirmation_confirm_013_00/result.json
F,confirmation,confirmation_confirm_013_01,gW0340_gE1200_s0150,97,full,1262008009994,1262008.009994,1129408656790,360.003845635,358.599611,0.9960993899036741,0.6511453092098236,360.8830866217613,359.2930825909999,4,1,8dba1d02ad3da42f49d3a9b6d0858a6bdbdffb0e28c9fa41e4f5130ab0bab656,[],656,21,5.957137854999993,results/F/confirmation/confirmation_confirm_013_01/result.json
F,confirmation,confirmation_confirm_014_00,gW0680_gE1200_s0150,89,chils-basic,1063942598292,1063942.598292,957120493850,360.000935010612,358.76549618599995,0.9965682344003478,0.7131924033164978,360.7972147613764,359.5534500280001,4,1,134b238004b3f7ca7fc0ee1b424c9a6826139b86656156e8adc4ecc0acd68736,[],0,0,0,results/F/confirmation/confirmation_confirm_014_00/result.json
F,confirmation,confirmation_confirm_014_01,gW0680_gE1200_s0150,89,full,1063731901519,1063731.901519,957120493850,360.004086954,358.7812200000001,0.9966031859128417,0.7257262766361237,360.9700496196747,359.56246589700004,4,1,8dba1d02ad3da42f49d3a9b6d0858a6bdbdffb0e28c9fa41e4f5130ab0bab656,[],656,23,4.741537454999999,results/F/confirmation/confirmation_confirm_014_01/result.json
F,confirmation,confirmation_confirm_015_00,g0680,89,chils-basic,1249830910187,1249830.910187,1096628306104,360.0011975169182,358.452223695,0.995697309251741,0.594819001853466,360.6634928435087,359.114169013,4,1,134b238004b3f7ca7fc0ee1b424c9a6826139b86656156e8adc4ecc0acd68736,[],0,0,0,results/F/confirmation/confirmation_confirm_015_00/result.json
F,confirmation,confirmation_confirm_015_01,g0680,89,full,1246049674344,1246049.674344,1096628306104,360.003602353,358.109485,0.9947386155565667,0.5876786038279533,360.806621722877,358.7550649890001,4,1,8dba1d02ad3da42f49d3a9b6d0858a6bdbdffb0e28c9fa41e4f5130ab0bab656,[],657,21,5.069624002999995,results/F/confirmation/confirmation_confirm_015_01/result.json
F,confirmation,confirmation_confirm_016_00,g1200,97,chils-basic,878663963703,878663.963703,821391430367,360.00085962563753,358.139874784,0.9948306100058407,0.8510762676596642,360.9286308735609,359.064511207,4,1,134b238004b3f7ca7fc0ee1b424c9a6826139b86656156e8adc4ecc0acd68736,[],0,0,0,results/F/confirmation/confirmation_confirm_016_00/result.json
F,confirmation,confirmation_confirm_016_01,g1200,97,full,882563157057,882563.157057,821391430367,360.004054418,358.450901,0.9956857335384433,0.8440210819244385,361.11341670155525,359.3488055760001,4,1,8dba1d02ad3da42f49d3a9b6d0858a6bdbdffb0e28c9fa41e4f5130ab0bab656,[],655,22,4.857231581999998,results/F/confirmation/confirmation_confirm_016_01/result.json
F,confirmation,confirmation_confirm_017_00,g0680,83,chils-basic,1244087561949,1244087.561949,1096628306104,360.0005079507828,358.788794018,0.9966341327136448,0.596130833029747,360.66642308980227,359.44995713799995,4,1,134b238004b3f7ca7fc0ee1b424c9a6826139b86656156e8adc4ecc0acd68736,[],0,0,0,results/F/confirmation/confirmation_confirm_017_00/result.json
F,confirmation,confirmation_confirm_017_01,g0680,83,full,1242421136344,1242421.136344,1096628306104,360.003877332,358.45943800000003,0.9957099369499967,0.6143443882465363,360.85256633907557,359.1189020230001,4,1,8dba1d02ad3da42f49d3a9b6d0858a6bdbdffb0e28c9fa41e4f5130ab0bab656,[],657,19,3.525805221,results/F/confirmation/confirmation_confirm_017_01/result.json
F,confirmation,confirmation_confirm_018_00,gW1200_gE0340_s0150,83,chils-basic,1260458662385,1260458.662385,1133931623480,360.00022742152214,358.32569135200004,0.995348513856461,0.6929695382714272,360.76578595489264,359.0881175580001,4,1,134b238004b3f7ca7fc0ee1b424c9a6826139b86656156e8adc4ecc0acd68736,[],0,0,0,results/F/confirmation/confirmation_confirm_018_00/result.json
F,confirmation,confirmation_confirm_018_01,gW1200_gE0340_s0150,83,full,1260926591267,1260926.591267,1133931623480,360.004143011,358.59962699999994,0.9960986115347091,0.6602151915431023,360.9046360179782,359.32003078,4,1,8dba1d02ad3da42f49d3a9b6d0858a6bdbdffb0e28c9fa41e4f5130ab0bab656,[],657,24,5.046666487999998,results/F/confirmation/confirmation_confirm_018_01/result.json
F,confirmation,confirmation_confirm_019_00,gW1200_gE0340_s0150,89,chils-basic,1262441051054,1262441.051054,1133931623480,360.0001579448581,358.550429316,0.9959729777977483,0.6636793911457062,360.7377346381545,359.28492004500004,4,1,134b238004b3f7ca7fc0ee1b424c9a6826139b86656156e8adc4ecc0acd68736,[],0,0,0,results/F/confirmation/confirmation_confirm_019_00/result.json
F,confirmation,confirmation_confirm_019_01,gW1200_gE0340_s0150,89,full,1263229537830,1263229.53783,1133931623480,360.00379047,359.0067190000001,0.9972303861892726,0.6486438661813736,360.8823449462652,359.7153550700001,4,1,8dba1d02ad3da42f49d3a9b6d0858a6bdbdffb0e28c9fa41e4f5130ab0bab656,[],656,39,7.026441970999997,results/F/confirmation/confirmation_confirm_019_01/result.json
F,confirmation,confirmation_confirm_020_00,g1800,83,chils-basic,681843936320,681843.93632,502195802253,360.00205866992474,358.271341316,0.9951924792865933,1.0938898175954819,361.18373842537403,359.445880172,4,1,134b238004b3f7ca7fc0ee1b424c9a6826139b86656156e8adc4ecc0acd68736,[],0,0,0,results/F/confirmation/confirmation_confirm_020_00/result.json
F,confirmation,confirmation_confirm_020_01,g1800,83,full,682805125192,682805.125192,502195802253,360.004959647,358.57942900000006,0.9960402471999337,1.1425694301724434,361.46761067956686,359.77850742800007,4,1,8dba1d02ad3da42f49d3a9b6d0858a6bdbdffb0e28c9fa41e4f5130ab0bab656,[],654,11,3.2498689760000015,results/F/confirmation/confirmation_confirm_020_01/result.json
F,confirmation,confirmation_confirm_021_00,g0340,97,chils-basic,1625268182912,1625268.182912,1426481445287,360.0007234364748,358.64094612099996,0.9962228483807067,0.4715225175023079,360.5421687141061,359.172879656,4,1,134b238004b3f7ca7fc0ee1b424c9a6826139b86656156e8adc4ecc0acd68736,[],0,0,0,results/F/confirmation/confirmation_confirm_021_00/result.json
F,confirmation,confirmation_confirm_021_01,g0340,97,full,1623276034765,1623276.034765,1426481445287,360.005001816,359.08642599999996,0.9974484359623716,0.45304421335458755,360.66749403625727,359.59105208099993,4,1,8dba1d02ad3da42f49d3a9b6d0858a6bdbdffb0e28c9fa41e4f5130ab0bab656,[],657,25,4.914801557999998,results/F/confirmation/confirmation_confirm_021_01/result.json
F,confirmation,confirmation_confirm_022_00,g1800,97,chils-basic,682627884817,682627.884817,502195802253,360.0014131516218,358.32466554199993,0.9953423860341468,1.1835376173257828,361.2744701653719,359.58241479599997,4,1,134b238004b3f7ca7fc0ee1b424c9a6826139b86656156e8adc4ecc0acd68736,[],0,0,0,results/F/confirmation/confirmation_confirm_022_00/result.json
F,confirmation,confirmation_confirm_022_01,g1800,97,full,681958579083,681958.579083,502195802253,360.005217502,358.17645,0.9949201638945974,1.0798361748456955,361.4157948344946,359.329245167,4,1,8dba1d02ad3da42f49d3a9b6d0858a6bdbdffb0e28c9fa41e4f5130ab0bab656,[],654,17,4.526549725999997,results/F/confirmation/confirmation_confirm_022_01/result.json
F,confirmation,confirmation_confirm_023_00,g1200,89,chils-basic,880096204374,880096.204374,821391430367,360.00043745338917,357.979346301,0.994385864732037,0.8313435986638069,360.90091153234243,358.875405523,4,1,134b238004b3f7ca7fc0ee1b424c9a6826139b86656156e8adc4ecc0acd68736,[],0,0,0,results/F/confirmation/confirmation_confirm_023_00/result.json
F,confirmation,confirmation_confirm_023_01,g1200,89,full,883409027296,883409.027296,821391430367,360.004697946,358.44041799999997,0.9956548346315339,0.782905325293541,361.09548073261976,359.292911327,4,1,8dba1d02ad3da42f49d3a9b6d0858a6bdbdffb0e28c9fa41e4f5130ab0bab656,[],655,26,6.362808079,results/F/confirmation/confirmation_confirm_023_01/result.json
